study_minutes,sleep_hours,past_accuracy,streak,days_since_last,success_next
16,5.7520190725114055,0.7850812152451623,4,0,0
139,6.620508889187701,0.646975791649228,0,7,1
72,7.561011210702455,0.49532735668101713,3,0,1
148,6.778165163745688,0.5274326820072905,4,3,1
65,7.438532877236894,0.7242918700872779,3,12,1
84,6.023472726102547,0.7608762960635892,4,3,1
101,7.891905005444131,0.7477677682949351,1,4,1
120,8.045714533537828,0.6902471987794428,3,4,1
84,6.616394540371238,0.5653329222272968,1,2,1
126,8.161934025509776,0.3470834411091552,1,4,1
143,6.581529913301875,0.566776677320378,4,3,1
54,5.896657256798067,0.7394889339296775,2,6,0
179,6.628784152335714,0.7322195427603341,1,2,1
119,7.5843669769426985,0.5655075787635098,2,5,1
29,6.492042025547016,0.6356507220368482,0,0,0
68,7.479729072068124,0.4870137700351891,1,9,0
142,6.753474930558844,0.4789960301160954,1,7,1
80,7.285282722798733,0.543053007974577,0,4,1
55,8.922134669585098,0.6069159870548556,0,4,1
112,8.002133495097494,0.7142367906469117,5,0,1
178,5.347976622932429,0.7643271704265928,2,0,1
104,8.005751881473257,0.98,8,5,1
145,6.024470685627609,0.5752356931676567,1,3,1
48,6.809638195553574,0.46358232449135395,0,2,0
168,8.17928741322767,0.5601267922629527,0,0,1
138,6.014335984930737,0.8009280566725421,0,7,1
162,6.214254765484732,0.7302929962667746,1,0,1
46,8.894909507692521,0.6787984904432189,2,5,1
60,8.327546452071866,0.7271761589230904,5,4,1
119,8.9811135186775,0.9602598297409934,2,2,1
8,5.926327577253009,0.765798823044028,1,3,1
35,8.68897823357646,0.6663052832423142,3,0,1
137,5.946217159685499,0.5898577806738539,4,0,1
104,7.586217024939117,0.5628495019999559,1,8,0
93,6.164868865995157,0.6097054129615102,2,4,1
51,7.273873996166686,0.98,6,0,1
114,7.378726004308408,0.867053651759882,1,1,1
141,5.725102705768524,0.5547009030741068,0,3,1
95,5.455092902471163,0.4525785958781649,6,15,0
44,7.4098666611286115,0.9611655759930067,0,3,1
28,6.839412442580751,0.4025187544934033,2,2,1
51,7.565846227054167,0.8322888472075691,2,5,0
142,7.37979311400797,0.632488412285572,6,10,1
153,5.665106233619898,0.8644057315559958,3,5,1
144,5.667483178702627,0.5651255346590092,3,4,1
162,6.697627146151738,0.6774612521784443,5,0,1
44,6.553702502414453,0.33379007915385517,3,10,0
47,6.6057697322525275,0.6389616177508075,0,2,0
153,8.412894266773232,0.7290356022073238,5,5,1
86,7.079854979031046,0.5244637118059502,4,0,1
165,8.405496512160783,0.7851564179716268,6,6,1
23,5.593591368886221,0.5567096283740706,5,6,0
16,5.540127820742647,0.5291947500686154,3,8,1
45,7.365240074836311,0.662966043181864,3,10,0
152,5.10208672065527,0.9156708286496316,3,7,1
21,8.282165867186846,0.6919180436246903,2,5,1
56,7.460072637224194,0.829968364443853,0,3,1
28,6.013299979251616,0.6864151145296149,4,4,1
152,7.664939801588912,0.98,2,0,1
171,7.1294565332116395,0.8857191232748949,0,0,1
2,7.629025411375325,0.6997293522791397,0,0,1
54,7.551262926059934,0.7763516527198286,2,7,1
44,6.78446630340225,0.6854196973982524,4,2,1
43,6.858949399206244,0.7993134275643332,0,0,0
44,7.899320679673289,0.5987208680511366,2,8,1
10,6.076653799831451,0.8936454601224915,2,0,0
9,6.570379974310685,0.7946453034881483,5,0,1
34,7.569636506155843,0.6264044028762092,0,7,1
67,6.214860067974933,0.7270202793250851,2,5,0
176,6.5886566189627445,0.3841655929677683,4,2,1
83,7.418531072855554,0.98,6,4,1
91,5.9852067606791834,0.7099526670712859,2,5,1
170,5.659139064412471,0.5674384487109201,1,11,1
105,7.417250142941148,0.5767259174569415,1,4,1
61,5.629674128629115,0.6511410312252084,7,4,1
98,7.696932514395756,0.6397790250093155,2,0,1
69,7.734983092660078,0.7698053425364173,4,5,1
88,6.629592333344305,0.8183984825837269,0,2,0
74,8.074221978366023,0.5204935580087378,0,0,0
67,7.521861125756377,0.549276988511092,3,0,1
60,7.9489673460280965,0.7120361407224894,3,1,0
1,5.835820576418305,0.49021478197137924,5,3,1
59,7.157782980166543,0.6964811881980851,5,2,0
14,7.542800740771766,0.36816336700750746,3,1,1
2,4.976238218519078,0.5012786960544886,2,3,0
15,7.244065888743932,0.46846351245024065,3,6,1
95,9.442087963277281,0.6343230492105483,1,0,1
138,5.933443224122898,0.6372775313026272,3,4,1
56,6.8084220310935795,0.5324750939603519,3,4,1
34,7.314442974489257,0.4880549384322044,2,0,1
177,7.436145205406888,0.21621404615602252,0,2,1
137,9.396755836897594,0.4382093505027257,0,4,0
27,9.18555862097573,0.35268335332773193,0,2,0
51,7.289991663785005,0.33050682926441693,3,1,1
97,7.6493579329654375,0.7873267668206486,3,0,1
144,7.282331333905916,0.39372780162816917,3,0,1
68,6.263227838328524,0.9112121928237915,1,4,1
8,7.565363552079916,0.5539785775103496,1,9,0
94,10.0,0.5770515322191203,0,2,1
62,5.663934349693783,0.754321005645766,3,0,0
114,6.595209805517793,0.6244394214066462,3,0,0
53,9.217390015547254,0.6186489079151076,5,0,1
54,7.212875337564329,0.8682533906296881,1,0,1
81,6.589190873603341,0.6353142014566783,0,0,1
177,7.941812843929762,0.6990265559493631,1,0,1
133,9.859122739220888,0.7256339477704887,3,3,1
170,6.374412497635259,0.5716266548700868,1,7,1
179,6.49027152664829,0.7065339002965638,2,7,1
52,4.215572785136626,0.4765450800136153,0,3,1
7,5.763023535674615,0.6397481825815649,4,0,1
88,7.776981628851369,0.6475435774768467,3,0,1
70,5.540930891075043,0.3685739693836361,3,2,1
41,4.2631145855536925,0.3806050358174013,0,9,0
58,5.6318068970485236,0.4484835424513053,3,4,1
3,7.189742901886131,0.7899981300352865,4,0,1
165,8.425270111914324,0.4662878564875993,0,4,1
82,6.553939964097166,0.48923648811472475,2,2,1
29,9.142202082486557,0.8544887630399771,0,7,1
53,7.762445371433532,0.7832025625347804,3,5,1
38,6.33256964938105,0.41962862762479636,5,10,0
26,7.01446381672219,0.6865035098416004,0,5,0
106,6.938563465820084,0.6356486785057744,6,7,1
16,6.756503218245343,0.4551631044701084,2,1,1
158,7.469517591919882,0.328392647953746,2,7,1
151,5.985945606437019,0.4549342110755491,3,5,1
45,6.841325612162594,0.42604294180504354,1,4,0
64,6.395250710307267,0.5369481049294327,3,2,1
93,5.63268519869011,0.5633765977042259,5,0,0
115,7.037100733639239,0.6288300460234783,4,0,1
158,5.646663082129943,0.581634827877819,0,0,1
77,6.5968729299518225,0.98,2,11,1
133,7.438569367171401,0.98,4,1,1
90,8.090321631870534,0.6555954057988075,3,4,1
84,4.675639680753502,0.7699830803497161,0,0,0
61,7.997238229201569,0.40840847005323677,1,1,1
50,5.790528460451746,0.7803708819421211,2,0,1
24,6.87589586371044,0.6449631578245608,2,7,0
53,5.688011370535141,0.7020050000903673,4,2,0
133,6.330725335005742,0.5764900470941493,2,2,1
111,5.965218448629349,0.7361975969336831,0,5,1
7,6.2533510656463385,0.98,2,0,0
37,6.0978929826238,0.7214659940027884,3,1,1
103,5.844497963479974,0.74529441328263,5,0,0
157,7.143071033352871,0.5471391405445873,2,11,1
148,7.0908559455482,0.6510830024784929,3,8,1
78,7.707456263242722,0.442844388346598,2,7,0
0,7.5889200507925825,0.8660551264866779,3,2,0
57,7.459462883662059,0.05,0,5,1
100,8.644649186336958,0.5628745763169183,6,3,1
9,7.157232539432103,0.46957808347565577,2,3,1
158,8.10922930862492,0.656230137353346,1,3,1
11,5.8003453255967425,0.46251422612817106,4,2,0
110,5.163141691291952,0.6913067087834491,3,5,1
171,7.397248185995434,0.5955284432953196,1,7,1
132,6.86831898204378,0.7134896293447418,4,4,1
132,6.928860824768881,0.518728351452741,1,6,1
58,6.550190244522868,0.7861246694533651,3,0,1
120,5.0138855881777795,0.46189213227446557,0,4,1
50,7.4078504334312445,0.7068886167159716,3,6,0
51,4.383747922612631,0.6564907868236032,2,8,1
79,7.582193335054885,0.5549748252816236,2,7,0
123,7.812881642430763,0.47813747291645214,4,6,1
145,6.354804907716373,0.7476670033925528,0,5,1
43,7.13157730548881,0.98,0,9,1
54,7.533672181834279,0.6223366812148369,5,2,1
46,6.927697784318456,0.45704674058776057,3,9,0
108,6.72484881573723,0.3632970332501251,0,4,1
20,6.296097897914919,0.9083540281961793,2,3,1
85,6.510000204607997,0.3983402612362069,0,6,1
159,7.010206752067784,0.793087805524813,2,1,1
123,8.168396213612908,0.873552799426486,4,6,1
131,5.683194790543547,0.7761301682347255,0,0,1
42,6.673990739575249,0.44259520857018186,2,4,1
134,6.566475489995866,0.7133662049245264,0,5,1
153,6.778989104181734,0.6013720767193227,6,3,1
139,5.926951177624627,0.6026467835978565,1,9,1
105,7.044673403705892,0.6340166394117499,2,10,1
46,6.3481950027326635,0.6526150187487624,3,5,1
7,7.220869397525878,0.8232783630476315,3,1,1
148,7.001607816105384,0.9151316429941234,0,0,1
170,5.191209222672343,0.47267155418405127,0,13,1
52,6.563700051631841,0.4431432805061071,0,3,0
18,6.08563065002769,0.6767528771545096,3,5,0
148,6.039745964077779,0.7639144246293151,2,0,1
140,6.830814523066698,0.9257202003081895,4,2,1
30,9.352581520939632,0.4289600214519505,0,9,1
18,7.504272051369503,0.6315685928100027,1,1,1
76,9.737959452731275,0.7035519928133999,4,2,1
125,5.346388867782561,0.32408863760352896,0,0,1
17,8.54867651478541,0.7239768638421575,4,0,1
84,7.6714484447394,0.7519137965434699,1,0,1
170,4.258215357405616,0.6655709975458631,3,0,1
39,8.862256144146986,0.8798565497956479,0,10,1
34,7.081583951261306,0.5758131118777459,0,3,0
174,6.043706812843972,0.7043547336534688,1,1,1
102,9.087577650317215,0.5631981538334743,4,4,1
136,6.861401344841278,0.49950971932775834,3,6,1
135,8.739213761483564,0.5825099558271557,3,1,1
168,7.436437780411556,0.6107547569412041,4,0,1
122,7.072562137740841,0.6950803340469369,0,3,1
10,6.473135307874075,0.5789768866635091,0,5,0
48,6.206299729231821,0.44165636619798404,0,4,0
90,6.698676894355705,0.20347246820278253,0,8,0
86,5.583999065839289,0.7948226542852705,1,5,0
11,7.451253243547134,0.3826900137570616,4,0,1
4,5.124538785592181,0.6911786052072089,4,5,1
103,4.746413480840911,0.4565421175128115,4,5,0
33,7.562263334207443,0.7684198418779723,7,3,1
65,6.3679415296645505,0.46416853648012746,7,5,1
6,6.869025818126398,0.6044813396627904,3,0,0
168,6.548545475459843,0.5587210495229165,1,2,1
28,4.920149076149221,0.8051600090741842,1,5,1
121,8.15150863090009,0.37734414035716296,4,5,1
156,7.437441386839915,0.7500935492881672,2,5,1
137,6.619073734194782,0.6203628150420888,0,4,1
86,7.403681126427847,0.48515177408664123,1,9,1
154,9.234781073673856,0.7584774403351698,2,6,1
37,6.611218269404284,0.6132674872912818,1,1,0
46,6.989446372617314,0.7423759659938927,1,12,0
96,8.641488940865164,0.49661141492619315,6,7,1
58,6.74870940755247,0.7202955073375131,5,4,1
138,8.10538089567375,0.7678387151206015,3,2,1
105,7.28433833385514,0.6349792190192132,1,0,1
89,6.202448799924243,0.7149065019782315,0,9,1
107,8.819728120707284,0.5948181881683297,1,2,1
176,6.525707025995834,0.9140926251276276,2,13,1
78,8.155552687899338,0.5195700107268096,0,5,1
119,5.456327997899564,0.40515349406792117,0,0,1
67,4.287502291194578,0.6156631171397813,2,12,1
112,9.047023216653477,0.7309961014423787,3,4,1
150,8.053670294689839,0.402859456960603,3,4,1
31,6.252951816801336,0.45709376116488604,1,0,0
19,5.582225118485416,0.548066915195419,1,9,1
146,7.598463329283668,0.2707053774806562,2,11,1
2,8.074726291977214,0.2904559952798253,0,4,0
78,6.621790732137732,0.30178446757163885,0,0,0
90,8.294654846835687,0.8657335705730048,2,0,1
142,7.371269884188334,0.8266663548754609,0,12,1
12,5.883682375275939,0.9229463564105604,1,7,1
152,8.636620389919228,0.6074014115626579,0,0,1
40,6.130788976710159,0.5452901571435956,1,0,1
35,7.925839911714303,0.7956418359782439,2,2,1
179,5.8717345492891395,0.5357336304851378,0,4,1
146,7.03015445345924,0.6104115568520596,3,3,1
121,8.234537103694612,0.25144627321225954,3,8,1
0,6.156317102922637,0.6285140841301622,0,0,1
101,5.336269296075768,0.3962054534449024,2,1,1
73,7.385019575589529,0.6929481423671199,5,0,1
74,5.293883620786513,0.5937760205019434,5,6,0
84,6.539438889150706,0.7018794313562584,1,3,0
92,10.0,0.33014240492130653,3,0,1
72,7.9142257288509565,0.8615911837715804,2,8,1
94,8.293412026894218,0.4304223659285261,0,4,1
9,8.301418193115959,0.3322603432454872,4,4,0
8,4.103070578762756,0.7667109220229683,0,4,0
147,6.7856137971833315,0.5250550589937802,1,9,1
45,5.119387491297464,0.7199253561532774,0,7,0
94,5.679837335530833,0.6315208236126861,6,8,1
110,7.338347040872988,0.5242375215227306,2,0,1
157,6.727096704827339,0.35929083969473824,4,5,1
81,5.769507846666515,0.5531939576557149,4,1,1
39,7.29753707302225,0.6245488096141156,4,1,0
40,7.214110237028923,0.42516920527795055,3,2,1
134,7.244359814451761,0.4469684557689796,1,4,1
18,6.4558740419576885,0.6967654142249917,4,3,1
85,7.769188863273968,0.6296296862487986,0,4,1
149,5.393941106411386,0.8385167514932765,0,1,1
30,7.117124790994528,0.48070456120978106,1,4,0
55,6.742749868353863,0.39044382758479773,1,7,1
114,6.016295285474987,0.67004307729166,1,9,1
171,6.070417772485524,0.546140653152044,3,2,1
123,6.257264136890364,0.5318532391613404,1,8,1
80,5.763139561681192,0.662675442918912,0,0,1
109,5.7377352725219035,0.6240288118663542,0,7,0
138,6.626813320090869,0.5687507988264089,2,0,1
42,7.356299044883335,0.4075755412196782,2,0,1
73,4.076349204103213,0.4729851238413745,3,8,1
92,7.3618627681754845,0.8327927389669273,0,3,1
96,6.609162267911525,0.5910850225540957,2,1,1
132,7.530945525963653,0.5952031826858,1,4,0
170,7.047632231917074,0.8229321753670036,0,0,1
90,7.204212331830319,0.5668171264689599,3,7,1
129,7.923083449644554,0.8699111599191667,3,0,1
154,8.870579497358904,0.49230021363896764,2,6,1
114,7.6943939605782,0.6658333213395804,2,2,1
98,6.295215084683465,0.6519773924349547,4,0,1
18,5.658033019352147,0.580780980196775,3,1,1
136,7.8065371781157245,0.7355230521226416,1,3,1
93,7.786741673405659,0.45477008796147717,5,8,1
109,6.749161292767096,0.772134311252005,1,4,1
25,5.566761423130649,0.458394905697289,0,6,1
130,5.04869861364818,0.780473840880116,5,2,1
97,5.723728324678339,0.6859343032240727,0,6,1
115,5.635692902307479,0.26191585234100345,1,1,1
14,5.709116849625721,0.5501769669847195,4,6,0
31,5.6069056523359135,0.6558266181308655,2,2,0
34,7.6622305258375505,0.12491122147452816,4,0,0
99,6.619255929697071,0.3860865231554825,0,8,0
130,5.56912560346908,0.5450392869855156,0,7,1
91,6.515689457776799,0.4946265807780301,5,0,1
35,6.187270979188867,0.5057086086616789,0,4,0
153,6.5443882349821925,0.3254858846447812,0,0,1
135,7.2944452107943984,0.330248306658387,1,4,1
135,5.556764096918764,0.5984540955442684,1,4,1
48,6.118734691130439,0.7373168963294803,2,3,1
27,6.716998907422982,0.5947944881913313,2,10,0
136,7.260727789874348,0.9335149089695716,3,4,1
19,6.6975246215159725,0.5085242105723561,1,4,1
132,7.468870031306675,0.7481581871540709,2,7,1
18,7.364604910765076,0.6335227965047227,1,12,1
172,7.302225298354006,0.3971375214301411,4,3,1
98,7.7508106859153845,0.4223824414493755,6,6,0
177,6.9663003098751615,0.531145979116042,3,5,0
47,7.155915824999289,0.6374362185628152,0,0,0
155,6.426300330695411,0.8854843892383838,1,6,1
70,7.884203837104061,0.5667399710615756,4,0,1
72,9.299733852082493,0.5125809228840812,0,0,1
62,7.122707991576899,0.44786773116071665,4,0,1
122,7.064542517538785,0.7549594644183938,1,0,1
134,5.263594508301981,0.9600247895592169,3,5,1
80,6.961195457565742,0.7455249088444519,2,2,1
110,6.686125718720318,0.6601694045587819,0,3,1
61,7.488716672482562,0.7196705712912339,0,4,0
59,6.885657055583279,0.5657642636016273,1,5,0
86,7.98251674041693,0.6670266559323861,4,7,1
161,8.852191427217464,0.6961985715282071,0,1,1
133,8.68105823237556,0.46148831365091414,0,4,1
143,8.093485653482736,0.685744151722673,3,2,1
154,7.927047769099313,0.7499262227500696,2,0,1
160,7.231817895775838,0.98,1,5,1
120,6.546352849922228,0.7083360600176085,0,2,1
174,7.382913800828289,0.8766406728802525,2,2,1
68,6.166883485302318,0.48031761538435874,4,2,1
129,7.8777908895291215,0.4975860632808764,0,4,1
21,7.812981810509672,0.5161050331227859,1,0,1
105,7.725992050814648,0.8744980558056411,8,0,1
58,5.706900102875545,0.5960624484700342,0,5,0
63,7.609274141965903,0.7585412336168018,1,12,1
143,4.911396413166621,0.6531202332472353,2,2,1
170,7.8713180337356015,0.48240677217042144,0,4,1
125,7.016886499448206,0.6112731501611968,0,1,1
47,7.725749899060681,0.8445541168911568,1,2,1
127,7.9484721723594065,0.8263253614080752,5,11,1
77,7.0135332359423925,0.6323467576641486,1,0,1
80,6.0471477499613755,0.45206149774801857,2,4,0
135,7.332747437453016,0.7373147180715434,0,0,1
124,6.953081294540136,0.6337653655920701,0,2,1
16,5.327593018760594,0.8196668517619626,3,1,1
161,8.398806507860582,0.4634152445234618,2,6,1
0,5.5810593133522755,0.7097591888222482,2,8,0
148,7.165846155223936,0.6149036204984384,3,7,1
14,4.784395586655424,0.5680133752061329,3,0,1
52,3.5,0.41994409471187544,6,1,0
47,7.016026709852407,0.8488892880123906,3,5,1
149,8.165207603151025,0.36553892278780376,3,8,1
66,8.397933334225753,0.8169936319192169,7,0,1
159,5.931975100283676,0.1527184089787263,1,5,1
10,7.016050975259035,0.8823852299331444,3,7,1
17,7.595344849706543,0.7159399280570079,1,5,1
159,7.503357871423898,0.8764002111564997,4,4,1
145,8.763924677129477,0.6805052968147869,4,0,1
156,6.95967587205263,0.5615226512917102,2,15,1
19,8.775354572622632,0.615787098877866,0,3,0
12,6.788360859412804,0.5254814462595837,5,6,0
124,7.237067539033005,0.43666677550418287,0,4,1
135,8.885602979298842,0.9325997272998104,0,2,1
62,8.343276594398056,0.5801981680011277,0,7,1
19,6.8622664611976925,0.9367241760421054,1,0,1
152,6.895954358989451,0.6007332807528017,4,0,1
113,6.2630982695867585,0.3604147923314051,3,8,0
89,5.008134542296375,0.7055838698326699,0,0,1
28,6.226950099536262,0.7559665900787271,1,7,0
143,7.691181844496825,0.49413082091018856,0,5,0
112,6.35714215267672,0.48781387473410864,5,0,0
68,6.10602047352923,0.5362245518943961,3,0,1
106,8.859868679354951,0.5715685841299869,2,8,1
68,9.186466265611411,0.37600413046554293,4,0,1
90,5.850386079158525,0.4730416530215105,3,7,0
116,5.8340574723844485,0.7831446515143261,4,14,1
93,7.922759045888495,0.7974387504041849,1,2,1
10,7.1075113208421214,0.8292689632680065,1,0,1
95,5.424198738160076,0.6221700634484164,0,1,1
71,7.79433710731662,0.6529032947496807,1,2,0
101,5.910858992679279,0.6565665360105617,0,4,1
6,5.94251386307674,0.689139274754587,2,3,1
172,8.01755049215644,0.897992522529454,2,7,1
168,8.308791923305758,0.98,2,0,1
52,7.663692144430294,0.6948044477615053,4,5,1
20,7.430555300687505,0.8129466922689119,1,1,1
134,7.965856679034855,0.6722732025940502,1,4,1
28,6.741706652108614,0.9708128826868482,2,0,1
111,6.91598456942464,0.5831448075052277,4,1,1
153,7.174617766402714,0.618505753391448,4,0,1
138,7.757485993680577,0.736443407452118,3,2,1
88,6.62573042529352,0.98,0,5,0
5,6.479647017814974,0.274694906597622,3,2,0
67,8.788149210755886,0.7146121593172649,2,9,1
154,5.8701548773242385,0.6862420735786859,3,0,1
178,8.768095697730107,0.6829246514231669,2,5,1
14,8.519565468603238,0.8970216217159733,0,7,1
51,8.193220561749182,0.664889276335374,5,5,1
155,9.5903908128458,0.734568486176894,3,0,1
37,4.703464318205288,0.8368921872170875,1,9,1
70,8.414745494309978,0.4884512652461608,0,3,1
70,7.988465112452551,0.5414639037379394,1,0,1
84,8.116453429147471,0.511178570077765,5,1,0
49,6.337570325186108,0.6220760363874932,5,9,1
27,7.108188193201087,0.47247678010701244,2,4,0
32,8.44891003397344,0.5907423082953785,2,6,1
29,6.894512215156943,0.47550825600704827,0,9,1
63,7.349446241357792,0.98,0,0,1
30,6.975152363072519,0.5445347221187148,3,0,0
45,6.1598991644249335,0.5874710899522643,0,2,1
63,6.6743482084819306,0.6464176992368147,1,6,1
106,6.712459413478424,0.7157877221069309,5,6,0
82,8.47943649197081,0.6101126894003416,4,1,1
138,6.71227478452769,0.8816316072761905,0,0,1
89,6.561139857224549,0.9018445487052957,4,5,1
135,8.028652424267936,0.44983203421534385,4,8,1
165,7.480371889971608,0.1349266933818789,3,3,1
39,5.63175177201861,0.6245475192514319,2,4,1
135,5.696758536359023,0.681626082109673,5,0,1
128,5.9142309961426935,0.6194808711739201,6,0,0
97,9.07290194395372,0.5667788530061684,2,2,1
60,8.670485105169107,0.49647119279739105,3,0,1
179,8.392111415972261,0.8382894051886218,1,3,1
79,5.0571138158582025,0.6704975349455622,4,0,1
5,7.900177915878801,0.8069555899494213,1,0,1
44,6.16714801137083,0.32215693845356513,6,7,0
39,7.692050033852082,0.6060208060676848,2,2,1
34,7.558596128999536,0.4680435947858629,5,1,1
141,7.461722253045991,0.6670045985275349,2,3,1
74,6.869756040777812,0.5085566715111008,1,8,1
57,6.69097456130825,0.7532052446311301,1,2,1
117,5.973368256509709,0.6695663875064137,5,0,1
100,6.3162684896660295,0.5358204211654019,1,2,1
22,5.2450511381750164,0.7903765302540997,4,7,1
29,7.811174626968308,0.4643836276808747,2,3,1
116,9.992712406873586,0.48525937019240173,4,7,1
109,6.870959506880723,0.7497794008338303,2,8,1
53,7.696475157830324,0.7817264109777599,1,0,1
174,7.943439122383497,0.8256771290529293,2,9,1
50,8.890451979322648,0.6390168768148865,2,2,1
127,7.759441988268746,0.5089878102986083,8,0,1
164,7.077507588331866,0.7530036356337094,0,1,1
101,7.140376280828664,0.246291028110122,0,1,1
133,8.072558495122548,0.785429071888282,4,3,1
75,7.169988036869231,0.5785050242149268,1,0,1
58,6.23412744654913,0.5306287248853824,1,0,1
44,5.964639976512076,0.7955385949283633,1,0,1
35,7.049416024419013,0.8556660601022207,2,0,1
117,9.26550876583536,0.6497984500403798,0,5,1
34,5.776287777542244,0.8141874312758202,1,4,0
11,6.188503963163662,0.8117399504256709,4,5,0
23,8.04361090803339,0.8620732735070933,4,0,0
37,8.70595237369865,0.5777741109224317,0,10,1
46,6.84147854462425,0.6908893037097439,5,5,0
52,5.596388798770697,0.7858751406453277,1,0,0
31,7.136559478408356,0.6831860072916195,6,0,1
56,6.116472260153998,0.6550988141149294,0,9,0
164,8.23366427847902,0.6404054835815922,2,1,1
0,6.058889789301784,0.6274920051452209,1,13,1
148,7.31114516984189,0.41215446710385156,1,4,1
116,8.6604644334316,0.7653312398365256,5,3,1
164,5.547936580373159,0.98,4,2,1
73,9.359352965650707,0.371390090106816,1,2,0
139,7.887557445983875,0.98,1,2,1
48,6.31994436962782,0.5364269125162165,4,5,0
23,7.482313939694575,0.5128047324132952,2,4,1
83,5.990861033595451,0.6991320358754101,2,6,1
79,7.58418225657914,0.6750401131570866,2,0,1
33,6.85716579207985,0.4898352819172862,1,4,1
165,8.066779816485578,0.9062407050077059,4,0,1
59,6.458589571312703,0.44510118914703034,1,2,1
49,7.239085649499087,0.98,2,2,1
129,7.5223047486052765,0.98,0,7,1
12,8.521148272964686,0.4957082473200627,2,0,1
128,6.440300192791079,0.450415464511153,2,1,1
139,5.913561744781801,0.6777343985867964,4,8,1
176,6.059029247835509,0.978717682443224,0,9,1
100,5.780780164710134,0.5559970736823487,4,8,1
177,7.910023639172879,0.6737237168619477,0,0,1
169,7.93543530492574,0.7017123369865454,3,1,1
130,5.501508867150746,0.7100388220945169,2,6,1
102,6.948780284527028,0.7243204511400321,1,5,1
167,7.0621985187914165,0.5377515482667153,1,0,1
174,9.366635142332576,0.6159357746176896,8,3,1
142,7.446790672072366,0.800410687019524,2,11,1
176,7.502198889460462,0.6258751002543143,1,0,1
121,5.2516174950624785,0.524320137248137,2,6,1
129,7.408528532201855,0.4923092964600959,1,0,1
57,7.826334041174666,0.8257997665960635,2,7,1
74,7.752531520178999,0.7184041938287504,0,0,1
48,7.828109698210475,0.4037703900712647,0,1,1
11,6.0137976443109356,0.665525690520501,0,3,1
41,6.752265089907352,0.8344562120751391,1,1,1
25,7.514758469352638,0.5882879624762294,3,5,1
58,7.049447280137944,0.6389271776711652,3,0,1
111,8.449915390576601,0.98,4,9,1
129,4.787055458598971,0.6959147678961966,1,0,0
15,7.738702345433546,0.38850364158281353,1,10,0
129,6.418323086141207,0.7482428767729915,4,6,1
156,5.976768262438216,0.6967175178028769,3,5,1
18,5.3801591052451405,0.8070227623931183,2,8,1
12,6.555555268406671,0.7115606223357839,1,10,0
169,7.1289384432367795,0.4534071811243475,3,10,1
34,6.953284959418191,0.5936523885332831,0,8,1
18,6.547368550253115,0.3049731430822863,0,7,0
101,9.092346240749878,0.7883486777893465,1,9,1
100,5.369347304892381,0.8431864097220483,1,0,1
66,7.6647442071943885,0.5450611009404679,3,5,1
79,7.181848954918319,0.7490456737460659,6,7,1
86,7.581572213574042,0.7767227133778978,0,2,1
166,6.7909905253345615,0.6748802165853746,4,7,1
155,7.928669417091839,0.36087377270683124,1,4,1
166,7.340687201410568,0.7553445556445941,2,1,1
157,4.737312514667835,0.5784529997127024,2,2,1
91,5.705251375541639,0.35695240148878205,1,7,0
89,6.721159312747875,0.6961941885946753,2,6,0
61,7.504387395731355,0.7986207715946587,0,2,1
134,6.370702128434749,0.46647478852986024,2,3,1
13,5.886011043053167,0.7374240126542928,0,4,0
125,6.693802989974254,0.373470983472036,0,1,1
136,7.750254316695359,0.599740234541897,0,2,1
46,6.197308791995897,0.6367738409137279,3,3,1
81,6.386998529136381,0.4567335657107958,0,0,1
84,5.91534485250295,0.6031588464986383,0,2,1
73,6.144343501970424,0.8393338748949536,0,0,1
39,9.005345474275897,0.7388177578730651,2,0,1
121,6.570324796514591,0.4509496672126188,2,4,1
174,7.009592835458576,0.6292397009346795,4,0,1
102,7.456995103405208,0.7445172753150676,6,7,0
80,7.1285860874071885,0.41973428500845206,3,1,1
165,9.310015362083021,0.98,2,4,1
167,6.49439527042516,0.8261467154596936,1,3,1
27,9.329040327018243,0.7798205671039625,5,0,1
61,7.9266537728230055,0.6683277103585937,0,0,1
159,9.476673442788002,0.8952424839200384,0,9,1
26,8.314626893794971,0.7490780319682614,0,6,0
93,8.365548123280059,0.6533109588028376,1,7,1
141,8.297649752724576,0.7819235403387562,3,4,1
154,5.85362618941623,0.5992373932516623,2,9,1
27,6.722263842773451,0.7570442380466331,2,9,0
13,7.193829582584616,0.9466601891282984,2,5,1
41,5.327397817558449,0.5373876608477487,4,5,1
145,6.927889302693842,0.65226413042333,3,1,1
44,5.895453092500841,0.9322771604714898,3,0,0
44,8.873423839811778,0.6163835357352165,5,5,0
91,6.598081555271671,0.8053566416499636,0,4,1
111,7.485454231703388,0.6020485264653485,1,10,1
139,6.108785374358616,0.4367567641407817,4,0,1
74,6.7461440763033655,0.7237552195321921,3,0,1
50,6.796150619704313,0.8986302228006067,5,6,1
63,8.021033084631032,0.78062743699737,4,5,1
39,7.407570120056021,0.6834895118573939,3,0,1
38,7.094140156933493,0.6389002425428226,3,12,1
6,6.3435943349860064,0.641073744581251,5,11,1
62,9.991286639966223,0.5730401933606863,1,0,1
107,5.332571977338249,0.9124707453462397,2,7,1
62,7.943820101598196,0.6429961937384808,3,0,1
6,7.1593564296684855,0.31650898489574997,4,8,1
77,6.681351430444916,0.7090893131745855,1,0,1
172,7.055571957752968,0.48330595273691146,4,6,1
178,6.216644447385047,0.6270944043826483,2,0,1
140,5.384726406586015,0.3699489059003117,5,3,0
143,5.227230694819202,0.9061571269120916,1,9,1
172,8.023879195442891,0.7794367482959006,3,5,1
143,5.911675617884919,0.6507753756217688,2,5,1
133,5.101656979074521,0.6517194115262324,0,0,1
92,7.632037650525492,0.752090727263545,0,0,1
144,6.1756748540009845,0.6643410930681616,1,6,0
10,5.739793456383148,0.698199355548652,0,5,1
111,6.897271242710623,0.30102452713936545,0,9,1
14,6.8012194291791745,0.4588316734076202,0,3,0
2,7.626832256601363,0.6082173757108357,2,6,0
39,7.564540426684205,0.7702756118403736,2,4,1
91,7.5339304750535465,0.7319537189149837,3,4,1
32,8.093473606228777,0.6318599751297224,5,4,1
178,6.1170976116996165,0.7762431509020686,8,2,1
77,6.414376118125679,0.9280009060613611,1,2,0
114,7.758165639054314,0.98,1,0,1
112,8.559216316664248,0.59923477139781,1,3,1
92,6.7614020764253535,0.4210660667898407,3,0,1
117,7.3636579395192605,0.7562577031375503,2,8,1
26,7.900508265284292,0.5708965675975598,0,5,1
78,5.876414469945647,0.48684240933011064,3,3,1
25,5.865692137751949,0.8933026471148193,6,0,1
66,9.13747231309788,0.5612835893916077,1,10,1
158,6.794520707089209,0.3512725691012472,0,7,1
83,6.101500451222899,0.6102819068165691,3,7,1
6,6.881364260845257,0.7226077236548105,3,2,1
72,8.378490819787292,0.5182385720769714,2,4,1
5,8.478375283918027,0.6385242323016833,2,2,1
85,7.277211972706617,0.6923521476505765,0,0,1
11,8.717318998707157,0.7007255387630394,3,3,1
37,5.340714195641648,0.6341730663044185,3,11,1
52,10.0,0.8059459222973071,0,6,1
116,6.581956764119114,0.666474759062995,0,0,1
20,5.5423980072297265,0.7785404747395941,0,10,0
76,7.500844963638195,0.9495619852695749,3,6,1
178,5.545708336022468,0.4198322058001631,3,0,0
49,7.355659624140106,0.5620371375866667,5,5,1
117,5.822695410260466,0.5755510563060048,1,1,1
25,4.192302261151124,0.4598576365693776,3,0,0
158,7.385255210997803,0.7656170863700891,3,0,1
176,9.935581430692388,0.362922452477192,0,0,1
74,6.429101056824859,0.4123238335680062,0,3,0
43,7.265650304771474,0.7211311657067876,3,2,1
116,8.06602902980158,0.7922135989050016,0,0,1
45,7.906302131171321,0.7132357416778252,4,5,1
116,7.081721156125263,0.9164815461075233,2,2,1
162,8.484460650210963,0.6408942677419827,5,0,1
121,9.860633245578247,0.638085326116023,1,4,0
166,8.179887963334485,0.5367898361121006,0,9,1
55,6.712634721860412,0.5052530069165074,0,0,1
171,5.123553857748221,0.689492480555703,2,10,1
138,6.69539492664936,0.7839800459749418,4,5,1
70,5.358695321443529,0.5049347998488155,1,0,1
19,7.340129722893565,0.4638599948846522,1,1,1
55,8.213992496447975,0.6057702607408042,1,0,1
38,9.686597999697309,0.9073617414446753,1,2,1
106,8.399545967838984,0.7150880939318451,3,6,1
88,8.810463547987094,0.8241590748784043,1,4,1
93,5.372080178873063,0.3723527705957192,0,0,0
107,7.235673526012226,0.42962538619239293,1,6,1
159,7.1939948636554645,0.98,2,1,1
61,6.962374359188198,0.3901795765513689,0,3,1
3,6.787583696708276,0.660982673974557,4,3,1
141,7.450876357134828,0.8058470605723675,3,6,1
78,8.276210714141833,0.532626577507497,1,4,0
56,6.887201470925458,0.2512495791913753,2,3,1
71,5.54104204178935,0.5015679371831697,0,2,1
62,8.032741026804356,0.6640142103681148,1,8,1
110,4.940501587018538,0.5705633910987772,4,13,1
170,7.662345875566719,0.33236911057083174,3,7,1
88,7.677928784256178,0.680768906803094,0,11,0
152,8.531765059337115,0.9143774740378248,2,6,1
19,7.6565467665272084,0.5044465154229401,1,8,1
15,6.225284077050794,0.7818751219637884,0,5,1
33,8.212076436237913,0.5952241694918374,2,0,1
173,6.914420719448878,0.46049904863990077,1,9,1
100,7.36639394481843,0.6236994743129819,9,5,1
24,7.113184187657317,0.98,2,0,1
85,7.451283515584925,0.49900590028774683,1,1,0
121,7.547214618530954,0.410303943189653,0,6,0
12,7.364980535423412,0.445233080834716,0,3,0
99,7.088387913990633,0.5156849443597311,0,1,1
142,4.480117617129853,0.5085781349118494,4,4,1
140,7.461200751176089,0.7219144560881242,1,1,1
23,7.986324641330412,0.7537320545092779,0,9,1
37,4.550969379222977,0.7072924164775607,0,0,0
80,8.667472310296073,0.603682780652179,2,7,0
2,7.360737768117444,0.7496977376501898,2,3,0
112,7.572892688123306,0.9594396326041272,1,10,1
122,6.17278569733919,0.7253836090760986,3,11,0
10,8.394955605618394,0.7768366097997166,0,9,1
46,7.271329612053245,0.635827557396912,3,4,0
3,6.097556495617249,0.6899838036589013,2,4,1
179,6.678747007543031,0.5719831427393284,3,0,1
12,4.915093685125467,0.8511633554479681,5,2,0
179,5.918561310328704,0.8061995936947126,1,2,1
134,8.389562863078659,0.6168596722189105,0,0,1
131,6.535724139218496,0.7879131140330512,2,2,1
35,3.952950499005204,0.7936146560502685,1,2,1
96,6.8435269132965635,0.7244925294462029,1,0,1
36,7.089732146962613,0.731195711066688,1,1,1
107,8.315370839626407,0.5199751354038706,1,4,1
49,9.510002907274586,0.7105246843434267,0,5,1
171,7.295136771275405,0.6448379082185361,2,6,1
96,10.0,0.521145660119378,2,0,1
51,8.254077598925349,0.7349617223080533,3,0,1
5,8.834272977152638,0.8338778958766675,3,0,1
27,6.7001532890973285,0.2830501088169666,4,3,0
158,7.430151491640122,0.489123859106995,0,5,1
42,7.106722649067143,0.38638417370355405,0,0,1
60,6.462560305868247,0.98,3,5,1
179,8.16248863830827,0.7306957470361483,2,3,1
178,6.2921424021354335,0.44546548467934455,6,7,1
159,6.43307174551309,0.4116112025461601,6,5,1
114,7.866728976613603,0.5815221030232379,1,6,1
1,8.537133050536509,0.4564244438086127,0,0,1
48,6.442705816922583,0.4674675452806497,0,3,1
154,6.901209186168719,0.8786077281068465,1,4,1
33,8.714005967516695,0.6256723507341652,3,0,1
132,7.373691216940811,0.7160696348025599,5,8,1
15,6.16518505657998,0.4693001355179566,3,4,0
154,6.9362122143162885,0.3520329492823068,3,5,1
86,6.492502893012997,0.7972526167894075,0,0,0
37,5.775684049457896,0.6682352699275874,0,5,0
45,7.008081440921947,0.5116442951069361,2,0,1
116,6.253796811274714,0.6017969767384671,1,4,1
178,8.303591100247639,0.53894368932414,4,6,1
126,6.019589619109505,0.7036279718543147,0,11,1
65,7.615113992117474,0.69638522982978,1,7,1
12,7.517265391119581,0.6912897790686428,2,1,1
91,7.513163462655694,0.5923566663857421,6,0,1
2,5.35233920851763,0.563864870943602,0,4,1
71,8.302731283568871,0.41461995829071097,4,1,1
13,5.899500937347632,0.7589945369403758,1,3,1
121,7.109552526610545,0.8218330028574151,4,3,1
114,7.942411789037748,0.4598759013202648,3,3,1
112,5.575212269125271,0.607487545598123,2,1,1
30,9.153078135194303,0.3801988496701744,2,5,1
31,5.672101007454547,0.7743003172893655,4,5,0
99,7.025438372214839,0.1650795288153522,4,4,1
144,6.186951984511722,0.5260786188312414,3,11,1
18,7.94979871850179,0.4237429384335172,3,1,1
73,7.6014499925370576,0.6712586237011628,0,4,0
129,7.535114018006144,0.6315345296824557,5,5,1
169,7.435111599635919,0.4883568043854434,0,2,1
68,7.178473811104327,0.8818518926471932,1,5,1
120,4.952035232398867,0.5674865105804316,4,10,1
13,7.436270158073512,0.7862813063614,4,2,1
62,9.268550791929343,0.7836688926623525,2,3,1
134,5.73054848256295,0.8834702953684086,0,2,1
48,6.492780418177207,0.5301171534871287,1,10,0
68,7.709058488189965,0.45092270911894045,2,4,1
134,7.466262017535058,0.5528381054576671,4,1,1
71,5.924265812650874,0.43799784181384327,3,0,0
156,6.433768422734297,0.5410190921830462,5,1,1
155,5.997543653382356,0.639419122715462,0,4,1
90,8.190273207640715,0.7268312864038566,1,4,1
170,6.2547858942311505,0.47991190958838215,0,2,1
1,10.0,0.8094234176574918,5,7,1
128,6.877201483080008,0.569697390496481,3,4,0
134,7.458469089355,0.7938043269663839,0,0,1
102,6.254326607743458,0.5331578381051136,1,0,1
78,6.288488955615521,0.8492886713797931,3,5,1
69,7.85943488765521,0.6330994712266942,4,4,1
169,4.82489396011763,0.6983046178433341,3,6,1
150,7.662073922852537,0.7267605349156895,1,8,1
32,8.963710254809998,0.8063447487921043,1,5,1
147,6.938984059468862,0.5858099342193249,2,8,1
28,7.389821990213254,0.5912077999577954,2,2,1
13,6.995573169221929,0.5093943513890998,4,7,1
145,6.865651798922023,0.6311384023433941,2,3,1
163,5.739203320920222,0.3352667546929658,4,5,1
20,9.141937747456165,0.5404068365338357,2,7,0
57,10.0,0.7042024537133644,5,8,1
69,8.271704332981882,0.3803401385033516,5,4,1
85,6.7155713523522795,0.7787010459788433,0,0,0
79,6.581938778725214,0.8709124063955946,0,5,1
178,7.014293219498358,0.98,3,0,1
102,6.8845438204861615,0.8554278745118665,0,5,1
18,7.030315397318069,0.7476817423808592,2,7,1
73,9.372370441735816,0.5411659274223597,1,3,1
48,6.952285322286191,0.6814674788637453,0,11,1
45,5.346278390159171,0.5652199529751349,1,9,0
8,6.4568572724152675,0.6058009702638766,5,0,1
107,5.694997456286259,0.5039119907854207,0,1,1
120,7.484305684337324,0.683744180991055,0,0,1
128,8.041812135672002,0.8124261350843577,3,1,1
30,9.444553476351775,0.3328399573393498,2,8,0
57,6.365153802918833,0.6098078500302828,0,6,1
35,7.103812948944754,0.48810075687756427,1,12,0
59,7.2164024087966965,0.4066767333086043,0,0,1
179,7.627594393896794,0.45219357819370243,1,5,1
63,7.529630431035939,0.5872209173837657,2,10,1
110,5.23930960781588,0.45161533473256565,0,0,1
95,8.506190100045668,0.7054715159705148,1,0,1
58,9.527488357244,0.873307378314753,4,0,1
114,6.069511451187576,0.7400836144973213,3,0,1
138,6.938388569986037,0.7006171620661229,4,2,1
34,5.4219344691549045,0.39526998077314757,4,8,0
145,7.820354475375665,0.4859639320279391,5,6,1
40,7.308140537816628,0.34920936472907815,3,0,1
78,6.091708152681922,0.6209787023874558,6,9,1
26,8.013041428831462,0.8533946709393602,0,3,1
71,7.096099149547703,0.2674981775174571,3,0,1
87,7.305464950615269,0.5621404204390517,1,4,0
149,7.407511147906221,0.617941375972466,0,7,1
52,6.255761854535301,0.6766721980168547,3,8,1
121,4.946152749780133,0.98,0,5,1
4,6.406507741406071,0.7989054772052904,0,3,1
4,8.292974251263619,0.5882139628693641,4,4,1
166,6.6406169310500625,0.5246012157490196,3,4,1
140,6.021656285446559,0.7043674079180583,4,0,1
165,6.99924671938393,0.7132827409332426,1,0,1
6,6.067898615672415,0.846836225878928,1,0,1
101,6.8550777079911915,0.6193785455965715,4,0,1
18,6.936734348795035,0.832501430138496,0,6,0
11,5.6510313782027675,0.6509956049532687,0,5,0
53,8.084560155281721,0.4611265695355147,2,8,1
134,8.314184897575117,0.5184717544637804,2,3,1
99,7.041288995182633,0.4612830243437854,4,0,1
69,7.429724335191059,0.26856129076088014,4,1,1
21,9.29654324808211,0.6000791224171397,4,4,1
158,8.017421951560149,0.5266043096864508,0,1,1
60,8.565678039785825,0.4743490992976985,1,0,1
167,7.575762784061894,0.40876249069441134,2,6,1
89,5.863524607487258,0.4660242957241946,0,10,1
18,7.043871597281049,0.5030221472845902,4,2,1
58,6.718040807802584,0.6519035369952335,4,10,1
72,6.760175125478651,0.522596384629631,3,4,0
7,6.387450559565826,0.9167124070175829,3,9,1
91,5.876082618867701,0.652147315975382,2,0,1
93,7.5536201343828475,0.5453626732462632,3,3,1
34,8.294786368170854,0.3472749638070177,2,10,0
107,8.952677369996287,0.6350001271406095,2,9,1
148,6.223266491095221,0.7390876348141938,1,0,1
140,7.212145165315783,0.48706848978615647,1,0,1
20,9.67814337459087,0.7807513723758126,2,2,1
57,9.538755796075005,0.900833511729811,0,1,1
47,6.927622896263496,0.98,0,4,1
175,7.13221669333763,0.46193439902481437,2,6,1
62,8.695129480763478,0.8186539775445816,2,0,1
95,6.426000686200726,0.48156802414681676,0,0,1
26,5.79936917901113,0.5790976628880256,0,5,0
48,7.644915724166893,0.5214808824977578,0,8,1
149,8.110773545672911,0.2940898294338747,5,5,1
74,6.669628945165535,0.716085987839517,1,7,1
135,9.453787898171976,0.5373055165569693,2,0,1
86,8.018639843242084,0.5242225846133332,4,7,1
159,10.0,0.8398160653775748,3,0,1
29,8.773994920528274,0.7913346152113315,0,5,1
38,7.286990421492686,0.7441759005085551,4,5,1
78,5.191459857238614,0.28939355670796485,3,0,1
69,6.2568192104521625,0.7562559970199538,1,0,1
21,9.37041174141463,0.37534574310811913,3,0,1
99,7.455213219016736,0.47991986883159327,0,7,1
22,7.406726226954482,0.98,2,9,1
172,7.743478247350651,0.7215190954873155,0,0,1
4,9.164716579903441,0.6742314985380674,1,9,0
64,5.7596372013773065,0.7385474362441357,2,3,1
0,4.68215667235196,0.6956116250998161,3,0,1
132,7.0260378052718995,0.9430137143649315,6,0,1
31,7.478775561687081,0.7046736504412391,5,8,1
32,8.070848049413742,0.706694111687322,4,4,1
120,6.903521927312951,0.5297148965981773,0,9,1
17,6.322235978677089,0.7033105252331733,4,0,1
168,6.930916285113515,0.5727275533014431,2,1,1
65,6.611293031285739,0.7025079816369392,6,1,1
164,7.900241349935583,0.705279505264836,2,1,1
173,6.984266282803995,0.5930078950888656,1,7,1
119,7.4552307036005345,0.9249557716563059,4,0,1
96,6.67898497370169,0.9387937992863638,0,0,1
153,7.52493812183384,0.861623372581583,0,8,1
164,5.411889487884155,0.6508922054616326,2,8,1
16,7.60659525304993,0.7898989765621027,5,1,0
173,5.02810363617344,0.7602220856177211,4,2,1
111,6.785978278586917,0.6427776695954008,3,1,1
31,8.2076685731437,0.98,0,5,1
110,6.190422138181211,0.5439312453684807,2,5,1
119,5.404130773071302,0.781001507055834,2,8,0
130,8.555143225941118,0.6789695845908892,2,0,1
135,6.129526890846112,0.7526061552951241,0,9,1
49,6.8066517790523555,0.4586332321720239,2,0,1
105,8.77217035743785,0.7169181752995154,4,2,1
77,7.3230229465931895,0.4589854059196242,0,6,1
100,7.804737172607705,0.5541075788536506,2,9,1
174,6.1553447907402425,0.47254250450134183,1,2,1
109,6.346515121726106,0.7910767581316038,3,1,1
130,6.408370893541098,0.24943462632236318,0,1,1
32,6.38385761554107,0.42944047731513224,2,5,1
48,8.56528611632068,0.37260686062974907,1,2,0
112,8.710649646845223,0.7961773182832279,0,6,1
143,6.8075480368656835,0.3962083717974,3,4,1
143,6.137097425333845,0.7598234906834798,2,4,1
174,4.348066648460549,0.7516536065282733,0,4,1
110,5.555179703396729,0.6382709087346756,5,10,1
134,7.862345950469264,0.6215561788255687,3,1,1
105,7.29553370979263,0.7388700886028446,1,0,1
105,5.411209486323868,0.5108248789682822,3,9,0
162,7.235118477332763,0.8056241212314574,1,0,1
97,7.486288109567718,0.5645915787031273,0,8,1
139,8.802538177593537,0.46012837982265686,1,4,1
121,5.808960631003373,0.6618389015337791,2,7,1
159,7.38435002080867,0.6161199461674526,1,5,0
163,7.75940695882193,0.7181240490727374,2,0,1
110,7.275347769333595,0.7345165460628487,4,1,0
8,6.5310748694400145,0.6307019895885974,2,4,1
174,7.2277078733951825,0.7692676670765451,0,2,1
61,8.170165055896879,0.3301960218027837,3,11,1
134,3.673653243248886,0.8188398101096144,2,0,1
65,7.701793164471535,0.5758982997789689,0,6,0
6,4.614549004478384,0.37731900670203194,0,0,0
141,7.932554151130634,0.7581987099236025,1,3,1
146,7.008861968956391,0.6803745671410741,3,4,1
143,6.885402312028427,0.7071670803497019,2,1,1
108,7.463376281190628,0.6550859668718082,1,2,1
88,7.277856190333985,0.8029406454407289,1,11,1
94,5.807578096188802,0.33789396741866085,5,9,1
131,6.577937006174013,0.6015753503792026,5,6,1
44,6.523563040505531,0.5398751209772368,0,2,1
49,5.806078667420405,0.6908371432422927,4,5,0
67,8.040618176934416,0.0862571326260475,3,14,1
172,6.444900623132107,0.8365473636606163,3,4,1
45,10.0,0.6772424480582134,2,0,1
66,4.410931390837654,0.6558167848137635,5,4,1
148,7.5427049472426315,0.769029519598948,0,8,1
176,7.784419250573582,0.743729761766313,4,0,1
50,6.8442157939929364,0.7198646461954723,3,8,1
57,5.9826021427337945,0.616115533096358,3,0,1
93,6.285156069503913,0.98,1,4,1
48,7.179380920887411,0.8666807875445803,3,3,1
158,7.380892538559306,0.671016815817062,2,9,1
143,5.579358564832032,0.5567959995143653,2,11,1
156,6.126423417563061,0.8974547629815178,4,4,0
115,7.470436477669027,0.98,2,0,1
44,5.327060987495903,0.7761864848369793,4,2,1
84,6.325157940492171,0.46801411639341406,6,5,1
47,7.9252434601117665,0.5756402084965914,3,2,1
75,5.404841532493841,0.6763226702537914,2,0,1
120,10.0,0.579584449402281,1,0,1
69,6.790084141595392,0.29384017995991585,4,0,1
8,6.301175680646112,0.5996735923668451,2,5,1
112,8.735324931931766,0.7525474186740856,2,8,1
120,5.254446883556676,0.49853717244296347,1,7,1
168,8.439004562412647,0.8669973016064516,0,5,1
146,6.655034641532996,0.8884526538129053,3,12,1
165,7.026976355384484,0.4197097841741307,4,1,1
1,8.389867202555148,0.8537692460979223,1,3,0
18,7.441775866238088,0.98,4,3,1
156,9.397946780009601,0.8636404420278345,2,3,1
148,7.545438246242573,0.6592516137770766,1,3,1
76,6.712343465763038,0.6594701736640486,0,6,1
47,7.689225139935083,0.6223609420093932,3,5,1
4,7.5423067400723784,0.5970525617277984,2,10,1
142,5.85141660663022,0.6314080852930601,4,6,1
40,6.169496612045957,0.6060579010845286,2,0,0
12,7.294425938286899,0.7599910160133098,0,0,1
34,8.469555229119766,0.32180291416589785,4,0,1
23,7.834452577432778,0.3245307115531269,3,3,1
109,7.936649331395801,0.38929558916533147,4,2,0
0,9.289163164530432,0.8698441032764016,0,3,0
23,7.525021256040538,0.6817326717973626,2,3,1
41,6.322591401263576,0.5503222723094908,0,0,1
10,6.909126956405388,0.7767941003400978,0,6,0
52,6.405009695425567,0.26770251442009596,4,4,1
47,5.236170980671438,0.6903006872722504,5,4,0
71,8.036852351289076,0.7592119719341108,0,6,1
139,6.773831907551724,0.7239747996254021,0,6,1
54,5.82474639497285,0.834667783684441,0,8,1
167,4.950294753504011,0.6235910065768544,3,0,1
141,8.025607703789564,0.2535937815838599,3,10,1
77,6.637983068642985,0.5355555398214265,1,6,0
3,6.925740117847126,0.40800893540900507,0,7,1
129,6.359638901008781,0.7995122385571697,2,1,1
173,6.884341823729816,0.7660125359627953,1,0,1
178,6.37512185032206,0.4933042449087053,2,5,1
119,7.863130284304386,0.44245723125212655,0,0,1
96,7.348060109996506,0.6643092913564609,0,12,1
84,6.025118609732155,0.25348711114826666,3,0,1
78,7.932826075285435,0.7780634572821585,6,1,1
76,6.377385624062587,0.7336009923491758,4,7,1
6,6.947097835470643,0.5915725587385373,1,1,0
104,6.685303769755664,0.98,5,1,1
165,7.17504637393912,0.5237793213263416,3,9,1
84,6.475845327870604,0.98,4,7,1
6,5.257953503481522,0.7907132410486071,3,9,1
136,8.070277090608515,0.38536118802245384,3,3,1
70,6.836231545745976,0.9105883369893326,5,5,1
20,6.458522933312287,0.5573722089288533,1,0,1
143,6.641253723306697,0.5345061609551571,0,0,1
12,5.006959749037501,0.5861993607242693,0,7,0
62,7.087087696709223,0.5640646481466125,5,6,1
43,9.499853150870841,0.8887032326066032,0,2,1
68,7.29313393873109,0.5117967992483415,2,0,1
47,4.670423055283191,0.5813920446135628,4,0,0
76,9.057256384427923,0.6085754852399052,2,7,1
133,6.73494015213897,0.5679694980487081,2,7,1
123,5.817019820920112,0.5152371844648382,2,9,1
165,6.924393980995868,0.3564816279951079,5,0,1
93,6.249394417725088,0.868362185083784,4,4,1
121,6.206050729043417,0.8127316908740467,1,9,1
157,7.910473624785201,0.6542955958141248,1,3,1
75,7.012344072804971,0.8056253351949781,2,11,1
24,6.794761454058722,0.4130045428415582,0,1,1
14,8.471841694727914,0.9292118839206069,5,0,1
94,7.289367630400027,0.6018271283187059,3,8,1
17,5.6076554248481765,0.6522221823367051,0,0,0
80,6.613572845634239,0.533284737505687,2,0,1
166,6.75682120803975,0.7172192635788025,0,6,1
24,6.8570499595404035,0.783849260017943,5,7,0
112,7.746929256111358,0.4421716556110851,3,0,1
150,7.089092361630428,0.49559959964146744,1,9,1
177,4.753958216320676,0.42476948596591646,2,7,1
134,6.138999493326128,0.6071578898816218,0,7,1
143,8.517735816460043,0.3895498061433918,3,8,1
72,9.113082863353128,0.98,2,1,1
0,6.696911154410557,0.6684841587718039,1,5,1
175,6.477513247087132,0.8327597283887336,2,9,1
45,5.056318367425912,0.31957423572312155,3,0,0
84,6.706975697077997,0.4981060864632192,3,0,1
136,6.718084686102073,0.765457937252069,2,5,1
141,6.30445603878853,0.9300829388509959,2,7,1
162,8.290762481534635,0.98,1,4,1
39,9.053707358718988,0.4692377852965633,0,10,1
170,7.151537364685083,0.5310781501210753,2,0,1
105,6.930934405040897,0.5797344215720603,0,6,1
52,8.782625786373158,0.37907697031928245,1,5,0
155,7.4623791417681895,0.6481969588790661,6,2,1
95,7.865994351771388,0.8450715405093274,0,4,0
169,8.004307342748952,0.571707470155494,2,0,1
35,7.087509870060559,0.46958460200289237,1,0,0
79,6.829021090736074,0.98,2,3,1
59,6.941216214326858,0.9174870008327265,4,0,1
92,5.914656128444745,0.6854785851568165,2,10,1
148,8.311445941711254,0.7910489169735139,5,6,1
131,6.8909246319014335,0.6559843729420392,5,10,1
32,7.960502029498257,0.7068046257555254,1,5,1
153,7.154850794304682,0.6977763282151294,1,7,1
119,7.906985805026046,0.6640330515428072,0,6,1
121,8.748725035934273,0.7780070282482143,2,4,1
134,6.942739578195484,0.2710029299223829,1,3,1
61,6.59018342274232,0.9603008890622952,3,1,1
23,6.077043738707374,0.8318943236588083,1,0,1
107,4.632754930967398,0.6426656555929052,4,5,1
159,10.0,0.7864681271194276,2,7,1
152,6.2227268283060235,0.7216372203613187,1,1,1
88,5.253331694425492,0.4434920315369366,0,5,1
106,7.903362187530125,0.8429425321128784,3,4,1
4,8.52528624503217,0.22775811634938864,1,2,0
50,5.259784755747685,0.9040100913468696,0,0,1
105,7.77985356819108,0.7722924364507884,4,2,1
109,9.025594529762158,0.13983593912602077,0,4,1
3,6.210776669449038,0.6616044066984811,3,3,1
68,6.991076384025293,0.3367424782398041,3,2,1
83,5.78679544754211,0.5831504045862632,0,1,1
17,5.622240046234648,0.567510019702889,2,6,0
15,4.661153717298491,0.5695764668950034,2,5,0
94,8.013485031659775,0.7013370667458364,1,4,1
174,8.457468227144732,0.5400906686660666,1,3,1
7,8.519120351868182,0.8090032947965826,1,6,1
164,6.825206712163078,0.6395530649769569,3,1,1
175,6.926742417146911,0.6614991605905997,5,6,1
17,6.291867457411074,0.6247489182066922,0,9,0
81,6.862653987618031,0.7417371373771304,1,1,1
87,6.455490718284705,0.409508884090027,2,3,1
73,7.897602715283077,0.7762817849492843,3,3,1
18,7.023580114163884,0.5084684981025531,2,0,0
19,6.430702485560986,0.49933394241969964,0,5,1
132,8.285958207866887,0.32411977321550384,6,13,1
2,6.137263561756524,0.6023410812371479,1,7,0
160,7.617741084354892,0.4369301610022493,0,11,1
161,9.921719444372467,0.5783968269513969,3,11,1
103,6.521242269607701,0.6017180240840121,0,7,1
127,9.184759116646864,0.6053143641262081,3,0,1
54,6.652798014096419,0.5661653584870348,1,7,0
63,5.409928440609575,0.9407774491721472,0,3,1
130,8.799792156674572,0.8642944468920155,1,4,1
122,5.624438913125598,0.5712368047428568,2,0,1
85,6.297779108168001,0.39856287632909854,3,0,1
57,9.197560384692881,0.3391462125962362,4,3,1
12,7.81136486173223,0.9713230043538601,4,1,1
85,8.767869214767364,0.5099286288299841,5,6,1
126,6.981435084595837,0.5835416075356141,3,3,1
107,6.923217213245722,0.7380038021164048,1,0,1
172,6.534627177550872,0.5959427648310069,5,2,1
103,6.9427867820633535,0.9683165591324923,0,6,1
139,5.598697698881896,0.8448217497983446,0,3,0
139,8.38586237287082,0.6443147451416364,0,10,1
25,6.2248418417274705,0.3881651379446109,1,6,1
65,6.131998408561322,0.6617304319455617,6,2,1
126,6.427352045266161,0.8390960569831702,2,6,1
44,8.310287722914222,0.5133827244812421,4,2,1
177,5.71036755796988,0.694560257243983,2,1,1
113,6.260371536081865,0.6268234563686595,0,13,1
160,4.624897027979467,0.18961764718987895,1,0,0
155,8.104497398008734,0.44511248283046156,3,4,1
165,6.875789621884328,0.9693528002306784,0,6,1
175,7.758778408561056,0.5961487737458739,0,0,1
107,6.637510200604741,0.98,2,0,1
18,5.791554130857869,0.946743450135296,6,5,1
145,7.091568173018856,0.5979504082860898,3,1,0
132,8.30450462710292,0.6312060125955788,4,3,0
59,5.94899205517229,0.5624439728241388,2,4,1
39,7.954276262372456,0.5818991537856976,2,4,1
69,8.192887804007075,0.4607883294919237,1,0,1
67,5.9797604396729644,0.6666078080257719,0,0,0
71,6.120258002460885,0.7339205220772662,0,7,0
20,7.0634215718427384,0.98,3,1,1
128,5.989021548917528,0.6073584393596072,1,2,1
103,5.292869681828057,0.6139616942679502,4,3,1
143,6.09156452097944,0.6869415965065361,0,7,0
48,8.72929213388802,0.5711968102930641,1,1,1
79,4.572297696360329,0.5490327798417731,3,4,0
124,7.911200525750162,0.8988537156334807,4,10,1
175,6.753721393675159,0.6425592894264962,1,6,1
81,4.17379613778604,0.9601561810590518,2,5,1
72,5.50991462541836,0.98,4,4,1
17,6.653662145476607,0.9099650713524283,0,6,1
67,8.93155726843796,0.5492952662331976,1,0,1
154,5.665201702262373,0.7832511800575248,1,0,1
83,7.041052141999358,0.7753173431304952,4,2,1
3,7.564779503324886,0.38706944492504897,0,1,0
69,5.073840158249899,0.3656506345050036,1,3,1
124,6.518747419097092,0.5792063695360138,2,1,1
55,7.113413792041087,0.6723227573490089,4,1,1
172,8.78987981973852,0.8823604614750935,2,2,1
63,7.094164093812414,0.5769843261476894,1,0,1
112,8.317777902625297,0.4172716902797169,2,8,1
28,7.169314458594567,0.7528608605929419,3,5,1
94,9.113057368038763,0.7440189577138275,6,7,1
105,8.794652818242081,0.6548228197614989,4,1,1
140,8.894803733907866,0.7289602701350617,4,0,1
152,8.15338865646142,0.5841372358752582,2,8,1
141,6.599338208807736,0.4857827375803482,3,8,1
88,8.041681478135013,0.63427317131123,1,1,1
148,5.744581336323294,0.34672468960835756,4,1,1
152,6.945835143384586,0.6192750536806034,3,8,1
127,8.237828529992441,0.6164521284877791,2,5,1
169,5.821633233261219,0.8282479695868898,4,4,1
21,7.233287052328682,0.4439719571983729,1,0,1
37,7.4217578338983765,0.6398283894697476,3,2,1
82,6.354195740141915,0.6533885173845885,2,3,1
130,6.07512981820215,0.5495650384616854,9,5,1
111,5.907953332958623,0.8136310714049175,2,2,1
29,7.521903615423936,0.5699999857172423,3,8,1
174,8.020584643842291,0.6881568589588901,3,4,1
120,6.5006978544801655,0.7107818633668451,2,7,1
162,5.359344530437602,0.9723300929626106,2,3,1
103,8.663253184463295,0.7299908126439808,2,6,1
171,7.405727105807596,0.5705916055498199,3,4,1
26,5.912426208459394,0.546938002708177,1,0,0
16,6.161300395111994,0.8759733878875956,1,3,0
76,7.886735084948136,0.7467553690749099,2,1,1
76,7.917765126071908,0.5252052391039237,2,2,1
36,5.8569560004451775,0.3837561402544829,0,2,1
2,7.780887313188673,0.6382016224790668,3,3,1
3,7.647326224763978,0.48131314282763593,4,2,1
172,6.186676359125416,0.7185682904327427,4,10,1
37,8.318521146835566,0.4804074205473251,3,0,1
17,5.425073377359372,0.7268509299420532,4,1,0
132,6.8785437303808985,0.6683763124798547,1,10,1
128,5.750512916425464,0.6630999625894788,4,8,1
132,6.352072985688713,0.7608709886866534,6,5,1
117,5.246828071173832,0.732840441177132,0,1,1
97,8.38309909468167,0.4794181394883722,1,8,1
86,7.652787537187143,0.5786361412316284,5,1,1
146,6.768144375090168,0.7199525493460011,0,5,1
82,7.058726071249734,0.6628276488041416,2,1,1
151,6.47338079206406,0.7083091355754834,0,1,1
3,8.95503761777067,0.6533951324104913,2,2,1
102,5.875589885685093,0.6000673547438907,0,0,1
33,8.582847203098277,0.8997898285407663,3,2,1
140,9.992827379658287,0.5842823643180642,6,3,1
92,5.772460086183145,0.5627003459076437,0,0,1
128,7.667486961967936,0.3156703699313154,5,2,1
68,8.644955872916608,0.631125670199054,0,4,0
117,6.56677787832845,0.4083042891291482,3,1,1
69,8.482574316956976,0.6426350908807894,2,2,1
114,7.8242403536018275,0.7591214370591822,0,0,1
122,5.722555570292802,0.31300836664329673,0,2,1
118,6.479399630909948,0.8463032457272928,2,6,1
114,6.891210189115389,0.427587662120837,2,1,1
25,4.0707320575334816,0.7530348048613749,4,0,1
46,8.856551535451322,0.3833605890649754,0,15,0
3,3.6773521342427657,0.6933657282421076,4,0,0
146,4.899741442184716,0.41211718180408186,2,0,0
124,6.8209202977840135,0.748854288961946,2,4,1
140,6.602960317834669,0.6200123046230688,4,1,1
170,5.823255027079094,0.2564672157871523,4,4,1
152,5.966129342946629,0.5736520535184303,3,0,1
168,8.496911604188417,0.8540484244410796,2,0,1
159,5.139698295657656,0.591195334054349,3,9,1
15,7.4210955637721225,0.6222355710687031,4,0,1
45,6.519720628112972,0.801147788580794,2,7,1
78,6.243073953770532,0.8703913663871798,3,0,1
99,6.3112718035607,0.8229849817915831,2,4,1
143,7.5583478504780075,0.8232240280401856,2,3,1
168,5.4861099251226415,0.317383378435025,0,10,1
125,4.851338776657723,0.8185003624873474,0,1,1
150,6.128236474565356,0.31916693305010463,0,1,1
43,7.36117512932579,0.6784934666992248,4,3,1
103,7.52127103190176,0.3794706042954967,0,5,1
131,8.787666702652448,0.5672219931673361,3,6,1
76,6.216168512525017,0.38033383080524186,5,5,0
171,5.437214313879961,0.6147373565012644,0,2,1
70,5.328060993573524,0.9366502940610133,3,3,1
45,7.821997687320192,0.6741082538765583,3,7,1
16,8.836477361744691,0.563977722840782,3,5,0
143,6.40933977618927,0.38753649890500425,1,5,1
48,3.8805586019557143,0.7654346686563189,1,5,1
86,6.973090830076264,0.8919928949762439,2,8,1
114,4.856057415844387,0.8509938781090892,1,6,1
76,5.851620319794263,0.8562991950293145,2,2,1
157,6.983494744468923,0.4551067434987273,1,7,1
65,6.991480285709029,0.5524066516863191,3,3,1
128,6.979255068530815,0.6353506631932009,1,8,1
125,8.59212952054575,0.7997837890622812,1,9,1
87,6.800908173878704,0.7092771917501781,0,4,1
1,6.636332577561174,0.835052243592858,0,2,1
99,6.947744116762129,0.9732970362174265,3,2,1
103,5.401362744050785,0.50173472421716,3,8,1
33,6.831837845886392,0.31090250685131066,0,0,1
128,6.340615386926844,0.4505527016396893,1,4,1
12,8.081736040402431,0.538148581089674,0,1,1
143,8.111329300538252,0.98,2,8,1
142,7.031961016571479,0.4191419666532823,2,1,1
154,7.638679223517897,0.6284914561208008,0,1,1
6,7.603980836865025,0.6961786799337497,0,4,1
132,7.981633304468526,0.8208011865950311,1,8,1
127,6.38690480587999,0.6096832105257612,0,2,1
83,5.6050406976096685,0.5485553773212933,0,1,0
105,6.15904886689727,0.5198586423098235,0,9,1
28,5.4320049214524975,0.6807133010692268,3,0,0
65,6.738988952043657,0.9181348563423124,3,0,1
153,5.836158372626871,0.9212183465813409,0,8,1
146,7.674213301886287,0.5422594388771579,3,0,1
9,8.02509158238219,0.7620131550905077,0,0,1
55,8.563363043393494,0.6835188552244643,0,3,1
158,7.268468989991445,0.5525022333081988,0,4,1
51,7.574949061555703,0.9051200090181832,2,6,1
51,8.475073096751418,0.5527174743148239,2,8,0
46,10.0,0.45585330259938805,2,5,1
44,6.718081760454454,0.4491319054535531,6,3,1
140,6.57428359317342,0.5680201407194629,0,3,0
119,6.307423386934174,0.48828071598426526,5,0,1
170,6.82465250630151,0.4021740198307157,0,7,0
171,7.452558981173232,0.7348852654122597,0,0,1
50,3.699821809593822,0.7667759536190957,0,5,1
105,7.184557216643443,0.9357372790654066,0,3,1
43,8.382662795983205,0.5722328828880595,6,12,1
59,5.57536312123916,0.41383999737599775,5,5,1
173,4.1367502331631165,0.6156987833977398,0,7,1
4,5.203183901535679,0.7563157543994373,3,8,0
73,6.533827809258144,0.516392005311624,2,4,1
138,5.750654239128872,0.46563945120235245,1,0,1
168,6.056181863201104,0.8072779257301153,2,8,1
80,6.991544151357418,0.7782016351037684,1,6,1
74,6.304113007225688,0.8033023771812291,2,10,0
108,5.338466862358825,0.4011077190029101,3,3,0
37,6.283314802808393,0.947066450207428,1,0,1
157,6.368553233447038,0.8022771523562225,4,1,1
178,7.6898703014967165,0.39609018187203326,0,0,1
137,4.970267082757776,0.45234157644392126,1,1,0
46,9.723535083142236,0.6463969345944335,4,0,1
60,7.017607800602923,0.5095182575884403,0,10,1
130,8.077806148608747,0.5188494147429287,4,1,1
3,7.9221804848087185,0.6338465950287208,3,6,0
144,5.265646062122644,0.757851348220398,2,2,1
115,6.973272065638641,0.7071532721305217,1,0,1
105,7.811470535683113,0.6143540242809977,0,0,1
136,5.879095915098885,0.6171579362489839,3,0,1
43,7.553021015559604,0.6018307385565573,3,10,0
126,7.916915247222052,0.738040580523749,0,4,1
124,7.429602921032952,0.6763321182995332,2,3,1
96,6.227302945163464,0.98,0,1,1
71,5.415838420027001,0.7266660136374998,2,5,1
169,7.232820939392789,0.31446163421261414,2,0,1
36,7.48584674406289,0.3446176347963906,2,0,0
135,8.379043765204651,0.9307508838502323,0,9,1
120,6.407994742480034,0.4825459743249231,3,7,1
74,7.632239902839883,0.7046775335930944,3,4,1
24,6.842471829896336,0.40090763110779454,3,10,0
103,4.51873248188017,0.5560201132140462,3,0,0
120,8.20359628054087,0.7173772809266181,4,4,1
23,6.241155536301013,0.8774270019528164,5,9,1
24,7.232209944395359,0.47832067291428426,5,6,0
166,5.697666328405678,0.7641312240942257,5,10,1
119,7.236796157135226,0.98,0,3,1
153,6.120556740125694,0.47184395856665207,4,0,1
134,8.243187368063106,0.7605682342445444,3,2,1
176,7.816538564427905,0.7744307778061248,2,0,1
133,6.358479711679441,0.6471059897851673,6,8,1
103,6.941134871846363,0.33922992339157615,3,8,0
83,6.867455186430743,0.7822119640355512,1,0,1
64,5.666181214030491,0.40658005653744833,4,5,1
165,6.045873637024306,0.894929399757364,0,9,1
138,6.020171395929569,0.6121899608603241,0,0,1
85,5.740510208158053,0.7717019483540134,3,10,1
60,8.175914931636626,0.41831891181780056,2,3,1
120,7.761255585394901,0.7206062738728067,2,1,1
115,6.767574950020451,0.336206058012675,2,3,1
143,5.6126150565494655,0.7771507313028204,6,8,1
56,6.506137966050973,0.5263398678954966,1,2,1
21,5.5146445366450845,0.527196116696051,2,3,1
48,7.501817633904118,0.7482194700939162,2,0,1
19,7.792926647699121,0.6860090952315083,3,10,1
0,6.242680659947056,0.6794404420511483,0,0,1
97,4.957131252770764,0.7395117262401196,0,9,1
155,5.90051799870553,0.8784101254579626,2,3,1
158,5.453015613605783,0.7235032842994946,0,0,1
2,6.257036748470396,0.4873283199296624,6,7,1
151,5.372576576883005,0.5289236927858914,2,5,1
154,6.803707117573219,0.5966937934056391,1,4,1
137,5.585683539998729,0.4701929867942263,3,9,1
111,5.635814292983886,0.8856097681765634,2,1,1
122,8.5740039721802,0.6135967838995294,2,6,1
99,5.135105414775255,0.6954853679799698,2,4,1
118,8.604811870811389,0.43768866582468036,1,6,1
69,7.736962628940047,0.8535688033259045,1,0,1
41,7.488193425795011,0.7225852467077983,2,2,1
52,5.792510020394527,0.7872216606976609,1,5,1
143,6.498310445222625,0.682150131361061,3,0,1
154,6.472332398220113,0.850162627664623,1,6,1
139,7.623003326111729,0.395567622243615,3,1,0
103,8.112340501564743,0.5047462229559283,1,5,1
70,9.418487636539329,0.7451396270386996,3,3,0
44,7.652718033020008,0.6106158073527088,2,0,1
125,9.694683310407028,0.98,5,9,1
102,5.135778949305632,0.9205762545255238,4,3,1
1,4.814625298134988,0.820114553471236,0,5,0
39,6.599440737625562,0.8008740389765662,0,0,1
142,9.157830891974214,0.98,2,0,1
149,7.285160640450027,0.6477039109133751,1,1,0
124,7.54207521474822,0.5651157872631473,2,9,1
19,6.435564383631286,0.6549839517936932,6,0,1
65,6.057975513679754,0.6116890141233794,3,4,1
39,6.567989971228107,0.5167054259749466,2,0,1
13,6.19385332002703,0.7397585137317804,0,7,1
6,7.176239285277125,0.7637437399804263,2,6,1
134,8.210552247090558,0.6342170739575768,4,6,1
15,6.636101164707384,0.8185572703039694,2,8,1
168,6.5511865615116704,0.691836970531073,4,3,1
166,9.068092908325958,0.8663114055871193,2,4,1
114,7.371277345058338,0.803110446122443,3,0,1
114,8.603661684918306,0.9133902194128316,3,6,0
123,7.87368223051807,0.41101611006105765,6,8,1
151,6.666087953958905,0.7093991637198127,3,1,1
76,6.359934573667632,0.6762972414318317,0,2,1
109,5.598082756818338,0.6528374641553226,3,5,1
177,8.802826565531193,0.6869260437156249,0,4,1
132,6.728397480361439,0.6672589326695115,2,8,1
22,6.858813209456221,0.5869753806845661,1,0,1
96,7.824096824994015,0.5756543614973981,2,7,1
29,7.9662935556736265,0.6563271042902916,2,0,0
84,6.649609286287987,0.3855004931504568,2,2,1
23,6.614856399140387,0.539005314813596,4,0,0
121,7.485058163222768,0.5529847685097631,0,3,1
91,6.61092730008977,0.640426672690926,7,3,1
135,7.347384718493503,0.6848913429938918,2,1,1
60,8.45281829075627,0.7047052440004347,4,0,1
93,6.074960593485546,0.5629541043038317,6,4,1
130,7.295416338790522,0.5950116402212184,4,9,1
27,6.844541634658807,0.5611906156640222,4,8,1
119,5.54983024491492,0.4888134361138342,2,4,1
91,7.546071828295853,0.29582494459545805,0,0,0
80,7.038075038242648,0.9451143228345362,5,0,1
155,6.8638360547319115,0.8710924082479625,3,1,1
147,6.096465041880112,0.5016995219537749,2,3,1
133,7.648157160349869,0.6768795846984289,1,5,1
23,6.928716723192789,0.8591431813483855,0,11,0
63,9.625512396243252,0.5593969948075127,1,2,1
56,6.840535834453121,0.05,2,4,0
90,7.979474898008746,0.45171761951993483,4,1,1
32,8.680566936637335,0.6825809966115525,5,1,1
71,7.260019394391298,0.7690685121063511,3,1,1
24,6.299435893292658,0.3196582262398942,3,2,0
70,6.677377634387595,0.6319784869514145,5,4,1
98,7.1670759059915214,0.4467029598756238,0,6,1
151,7.2257459730346,0.7584354894744354,3,0,1
73,6.5074520907531825,0.6565164750667688,4,4,0
144,6.762344595130266,0.13694166106375438,1,0,1
114,7.835026907232133,0.9014006849506744,2,13,1
102,6.552703959630613,0.7565828872076081,0,2,1
43,7.973698458015662,0.7654378499237641,4,2,1
126,5.543437976690544,0.6516581046737762,4,1,1
42,7.687393748065186,0.5640274453961768,1,0,0
49,6.112174587702502,0.8725059150912082,1,9,1
1,5.2017405671539745,0.98,3,2,1
84,6.205182653584124,0.7073252142993907,0,6,1
172,6.824380331391436,0.604822012294095,0,7,1
78,7.5186203495922905,0.6514576060427946,0,0,1
28,8.689636875886737,0.7161865812523485,2,0,1
48,6.161626964952302,0.8054836425942389,1,4,0
127,6.17187411033744,0.9052526997424575,2,8,1
137,7.521745151457591,0.6736932760572515,1,3,1
14,6.756331399517605,0.3806286989970981,0,0,0
12,7.163889420989696,0.6383524529162401,3,4,0
5,7.510123760876117,0.9452509059358998,5,0,0
25,8.215427449778261,0.7131058196353715,2,9,1
44,7.548015831738711,0.5871389060874508,4,7,1
39,8.996939330523528,0.5151087594353421,1,5,1
175,9.260224756412853,0.7259771477981308,3,11,1
5,6.793179433295706,0.3819930456916347,3,5,0
148,7.913759698226789,0.4455567043598184,2,6,1
163,6.858886619378161,0.4405896012628593,5,0,1
19,6.503556423975013,0.37917105884049207,3,0,0
92,8.554562040415782,0.8485008045189631,2,0,1
141,8.480548489376282,0.7333308217538695,0,1,1
48,8.13106186139834,0.572391335935005,0,10,1
64,5.625070196920581,0.98,2,9,1
167,8.735577877520704,0.913253119871596,0,6,1
60,7.314095313660637,0.40707257762244903,1,0,1
69,5.781320005713416,0.9331722251971936,3,11,1
23,9.110098737391635,0.5459492468226828,2,6,0
169,8.5231903816454,0.8102080105418255,5,3,1
131,5.16796526137364,0.39322764580271463,3,10,1
179,6.400546045382636,0.31268939471421336,4,0,0
111,8.274189222421276,0.6213857405187411,3,6,1
7,7.735714828930099,0.8109243925562466,3,0,1
132,6.420715066811988,0.5969655493051318,1,7,1
98,8.9365010178868,0.8397704988367128,0,9,1
8,3.974250075284266,0.6370001079774964,4,10,0
29,6.5583392634048545,0.5749020795411656,4,9,1
19,8.035142838158706,0.7416275543468286,0,0,1
67,6.750193685549478,0.7155273946003765,2,0,1
121,6.597547057991839,0.5968829619375883,3,0,0
40,5.59771420017177,0.44874488318119143,5,4,1
135,6.283597889774742,0.7330181813667825,2,0,1
50,6.213722657273989,0.2464276303755793,0,0,1
44,6.461972247912853,0.9066431852439059,2,7,0
1,7.121458438908704,0.668589385197646,0,4,0
170,10.0,0.7371093896597594,1,0,1
0,6.554998141976186,0.7679586754242521,5,3,1
123,6.246834620032939,0.5467125434072682,3,4,1
61,5.7144577879322425,0.7445283122054488,1,5,1
64,7.043070296933032,0.98,5,8,1
30,8.644339741588691,0.4715760238400859,1,6,1
149,6.384946146786723,0.667555773050236,2,7,1
131,5.444190003233206,0.5914542955545911,0,5,0
127,9.381946016540539,0.517619482536819,2,6,1
3,8.261095240945597,0.530280529034971,4,7,0
8,5.911380261278719,0.7981653744861144,0,5,1
172,5.711035183312116,0.5561215184483475,1,1,1
72,6.660274821212655,0.98,1,5,1
156,5.114360502626688,0.43274030966246013,2,8,0
66,5.3597311487795825,0.602430123055961,4,2,1
139,6.087889773019837,0.6786047514504305,0,5,1
30,7.2101793008629285,0.6288368135607345,3,7,1
172,5.952324668427698,0.4123060411934901,0,3,1
10,4.634527127146759,0.53350786083809,3,0,1
152,7.714189607700226,0.8215034641607564,2,0,1
0,5.774495699820872,0.617948012604763,1,3,0
43,8.156957708186379,0.32740850765033186,3,8,1
123,5.867804356299091,0.664576054282998,2,4,1
73,7.565025393296229,0.686147982583101,2,10,0
146,6.119170636933795,0.8496111031321572,4,2,1
153,6.551012086732949,0.8538972150991972,4,0,1
83,6.390874493109269,0.98,2,3,1
22,4.998721125300419,0.5683422716757981,4,10,0
38,7.680935716444551,0.5378538989148117,1,7,0
136,7.011946702864337,0.3145838332748808,1,0,1
88,5.730163477189518,0.6962165624068253,0,2,1
86,5.8689648793267635,0.8563140879796753,0,2,1
6,8.036254609277401,0.8663649111146854,0,12,1
168,6.395558683463422,0.5763139526583495,2,4,1
138,6.0751926124868865,0.4312910851267029,0,0,1
122,9.369213731992781,0.252118457530415,3,4,1
94,6.802009899837787,0.681077231274216,1,6,0
69,6.415525554602693,0.6081440240995893,2,9,1
157,6.321609056932292,0.7633607283713503,3,0,1
142,5.065830078878286,0.5202383838222069,3,4,1
14,9.822597920139346,0.3731613601574757,0,3,1
175,6.7650709454710825,0.4983660142045798,3,2,1
115,5.842423092560093,0.34621210066819064,2,0,0
74,8.694632053999495,0.6787489491911972,2,0,1
38,6.176684028711038,0.6859684453972861,0,0,1
24,8.258775118666904,0.48440182660965625,3,3,1
45,6.920785770105721,0.5367585450538283,2,3,1
167,7.089718499073847,0.5055114127301454,0,3,1
103,6.362629349970893,0.5471577095837857,3,0,1
43,6.38288100248413,0.98,5,6,1
127,7.188109795456839,0.5511401266592052,0,4,0
43,7.090013706815179,0.4917624997674722,1,5,0
20,6.745194153748883,0.53109436426816,1,3,0
147,6.266460955519647,0.936171602102537,3,2,1
117,6.4758740718657,0.5923860589211154,0,5,1
28,10.0,0.5307292729686777,0,0,1
122,6.181843370352576,0.8802109405343835,3,3,1
135,7.476753478714027,0.5281745056762348,2,11,1
130,7.6478619846990785,0.6992043939195866,2,7,1
149,7.462670566658166,0.637938571435745,1,14,0
32,5.964794866895403,0.6736151880818113,7,0,1
124,5.983339650842366,0.8091301431692541,1,6,1
12,6.725218025256341,0.3676685891532329,5,0,0
176,5.177934436158875,0.98,0,3,1
142,8.27309861830335,0.777855647353984,3,0,1
178,5.598013702169679,0.98,0,3,1
18,5.950685909106851,0.4753058208204341,1,0,1
127,6.528437363059277,0.828710998165333,2,3,1
167,5.465908071952452,0.8852332202610225,3,0,0
90,7.552361237459417,0.5982434802588237,6,9,1
167,6.492809115391373,0.7576023592153251,1,10,1
163,9.08831971283303,0.3919249399093786,6,3,1
0,5.0190312847317005,0.7676582142054152,0,4,1
12,5.435960068100782,0.5800957203887844,7,7,1
27,6.94883992521228,0.6734091353948551,1,6,0
90,5.597629895722722,0.7812231055152572,2,0,1
72,7.832034411586793,0.6052314207348928,6,8,1
55,5.534489676603554,0.9786328556378769,2,7,1
109,6.9608475729893104,0.8491770773466404,3,0,1
78,3.6045936373011584,0.7641919264090407,2,4,1
32,6.556503487803484,0.7333689568029104,3,3,1
43,7.2380986898888375,0.4053104446711052,2,0,0
172,6.735905467513658,0.6184789485191299,5,3,1
167,6.081745546494373,0.5370376515075493,2,1,1
52,8.231387536926654,0.35355935323124055,0,2,1
73,6.441192044460807,0.5751688314184348,3,1,1
21,3.854015293714985,0.6721819814272783,2,9,1
121,4.490700588236047,0.4320347896640644,3,3,1
162,6.7090463232114965,0.5644077502901986,4,6,1
31,8.602097002360862,0.46204289284164757,0,7,0
123,7.121575832465592,0.8429334911578771,2,4,0
61,7.569315327812103,0.6447281943564853,1,3,1
31,6.433576464061582,0.3426600395607509,2,6,1
151,7.1298611219566395,0.822050043154559,3,8,1
81,6.796368200120501,0.41112955237492854,3,7,1
146,7.74382477639184,0.6911859065489531,0,5,1
38,7.065415823571588,0.7349120459930243,2,7,1
85,9.244058210147458,0.7817530409093113,5,4,1
19,6.996166860530722,0.5091756557568752,1,0,1
55,6.319979491795252,0.7409101423159328,4,0,0
141,5.349840113813685,0.7485476300880473,5,10,1
107,4.198725204527475,0.5664195783054857,4,2,1
155,7.158092632405117,0.6005585604357312,1,1,1
74,7.783871109523388,0.8478949593745713,0,0,1
124,8.519450533713485,0.5501996644687916,3,6,1
104,6.891182986470567,0.6542812386980941,4,0,1
114,4.547610296592246,0.5958013528756028,4,6,1
17,6.294112446811822,0.7216637018614982,1,7,1
17,6.363020853517629,0.9032827746290573,3,3,1
1,6.751754712286731,0.5237140686401016,1,0,1
49,6.73882353371716,0.766648107466586,4,0,1
174,8.612889949208254,0.5020747580153716,0,7,1
0,6.809785131320232,0.8715004356677063,0,13,1
20,7.049932418435217,0.6259253920834382,0,15,0
175,8.162843055224386,0.9765658790027244,4,0,1
92,5.037774233763446,0.5054237617503374,2,5,0
127,7.867887498630735,0.7660504557315576,0,10,1
100,7.61518783883653,0.8357623575822958,0,3,1
60,5.536331994280147,0.5971300328237827,0,5,0
101,6.430759822712202,0.743829667481736,2,4,1
36,5.0305777237307,0.3206125707807113,2,3,0
163,7.19272598725533,0.6919187201329206,2,8,1
18,7.883180925838709,0.3215693653315056,0,3,1
150,7.6982379213450525,0.4257928514789686,2,0,0
158,8.070340696448389,0.7126958177373584,0,2,1
36,5.198345769427838,0.34494347007106524,2,6,0
89,6.985706978937018,0.6007897606250058,0,2,1
118,6.858632694950893,0.98,0,3,1
2,6.583488181461779,0.8020784047219649,1,3,1
53,6.541675941899419,0.6632886590131493,3,3,1
19,7.647681420707621,0.5247383803129927,3,9,1
117,7.418442397622366,0.5932063997755903,1,6,1
23,5.0151206016871726,0.7321480733683015,0,4,0
54,7.617439030449346,0.7646874347558876,2,0,1
118,5.556016804755427,0.5082026527715108,2,6,0
87,5.749049186687455,0.2784144782284252,0,10,1
154,6.233884951277735,0.6101048178468302,3,0,1
94,6.101170120886149,0.6523748580766593,3,1,0
40,9.353742188516376,0.6272760117017394,2,10,0
57,8.291410030105498,0.7149884843359434,2,0,1
100,5.519059502152935,0.6059455087154112,1,1,1
74,5.82782828366185,0.3537229350199371,3,1,1
75,9.388827753275248,0.48078003781375167,3,7,1
0,7.000569983639827,0.6730591024883791,0,6,0
100,7.282136439765542,0.6825685837994788,2,7,1
43,6.029193370106034,0.4116328683172149,0,5,0
39,6.539612868336796,0.8604616204954576,1,3,1
177,3.6729356679355565,0.9620341469195799,3,13,1
62,7.008662148070211,0.6004329806437111,3,8,0
140,6.6924056011690025,0.5888032218385783,4,9,1
117,4.43225321469618,0.6233229044492874,0,3,1
3,5.463139075937946,0.8700844668627605,0,4,1
101,7.9538178458984214,0.7045159726102763,3,9,1
151,7.835644086066505,0.5371227319323073,5,3,1
132,6.780580123228849,0.6817298664310735,4,0,1
64,8.760800574492976,0.36633379552635476,0,7,1
0,7.480473280054869,0.7841372559736532,0,1,1
74,6.762462841677976,0.606037406293201,3,3,0
124,6.352891022055016,0.5974226546561384,0,1,1
41,7.661178743134805,0.98,1,0,1
52,5.830807676059707,0.6668589525760737,5,10,0
114,5.040977149597088,0.8395720522198705,0,0,1
120,6.770856684554193,0.43745779409239893,2,8,0
155,6.0284865004533055,0.7206200754345845,3,0,1
62,5.34224777553707,0.48841266818445483,3,0,1
76,7.898835989339888,0.6745194738570534,3,0,0
22,9.075848673491947,0.9249294852480348,3,4,1
162,7.157699197834857,0.5483636360818587,0,9,1
145,5.89088118151415,0.42004315687553656,2,4,1
108,8.274774862326556,0.5857050659454706,8,1,1
1,6.746871128134834,0.34048350364415897,3,0,0
84,7.725448478958831,0.98,0,3,1
98,6.142032004036547,0.798331965614649,1,12,1
161,8.234233882387693,0.5839930672138861,0,7,1
127,6.29014465750103,0.7729304227648985,4,9,1
98,5.626599259081948,0.31796170003707924,3,0,1
20,7.2977434710139555,0.8188024769345094,4,4,1
11,6.764285293592595,0.98,2,5,0
55,7.912326907196109,0.7881234598379153,2,8,1
109,8.073485188137713,0.48725744481924615,1,3,1
162,5.844503335041012,0.5651316161296838,2,4,1
122,6.463562850847449,0.5108249976250223,4,0,1
93,7.502549784071784,0.38822729662657846,1,3,1
83,6.415027937535209,0.8094892434789244,0,3,1
20,10.0,0.5757083372994412,3,0,1
9,6.934357821737761,0.4888496414196428,0,8,0
54,9.118427387792348,0.505622841848731,2,10,0
52,5.0381995604469205,0.620050472372697,3,5,0
35,4.7953480056064395,0.7328300637251861,2,11,0
17,6.606640239980996,0.7282474163786716,2,0,0
69,8.659737449283087,0.6642826191293095,4,8,1
160,8.448487465120577,0.7453802989279845,3,2,1
161,6.938394396955845,0.8602324968822246,0,4,1
51,6.130599769666091,0.5857341231164312,6,8,1
171,6.802383973065589,0.98,4,1,1
92,5.285274199664599,0.7271455098280848,1,6,1
136,7.759413717309045,0.5603770851257182,1,1,1
45,9.140181844224232,0.5170305553661992,0,8,1
107,6.293538272616439,0.5753335121541148,5,4,1
148,6.531571356148891,0.7510895751349282,4,7,1
62,7.700848491106392,0.5808862953313649,0,0,1
147,5.372743349518455,0.5424778974926031,1,7,1
151,5.305608907419732,0.7370133168751867,2,1,1
165,5.990008442675685,0.8754054405438118,2,6,1
144,6.5820410570217325,0.7996804440470874,4,8,1
92,6.093964554946199,0.6195210145816749,4,6,1
92,7.167832696911322,0.5468651362029127,1,5,1
31,6.423669965650696,0.936581536637983,0,3,1
77,6.4158511398899485,0.9687021696266567,2,0,1
54,6.239574419033608,0.6096708728777926,0,3,1
85,4.726664622499433,0.505749303336952,0,4,1
33,6.852224452840946,0.9366884720808999,2,5,0
158,6.2675660421949235,0.98,3,5,1
31,5.119532260381143,0.5494003178813037,6,11,1
122,5.031565551328264,0.6640455305936153,2,7,1
151,6.1592333585841565,0.7466676560049235,1,5,1
98,7.953447661791225,0.36732816715507666,0,2,0
59,8.571620544000032,0.6756560664124632,4,5,1
79,7.875311600718607,0.8648122387596646,2,0,1
76,9.154125358884198,0.757447981651952,1,0,1
40,5.778127883678737,0.5121297307951955,2,6,1
0,8.2246263685076,0.5292200694842552,0,1,0
135,5.848750324909733,0.5670002760356518,3,10,0
132,7.242328538736625,0.5075396734289299,4,3,1
157,8.147668319610363,0.6466232073037466,0,5,1
61,8.109979896786507,0.6949784407388229,4,9,1
120,8.248391478663741,0.7338196464101038,7,5,1
21,6.6894501404949205,0.702963892038542,3,8,1
91,6.60777520408122,0.4118713502774275,5,1,1
22,6.859062549673196,0.5081962000471988,0,10,1
161,8.661888325174301,0.5760475525821415,3,4,1
105,6.40116489398697,0.591528224833065,2,12,1
4,6.695993107297403,0.534682116469562,1,6,0
92,8.522599594120692,0.7969476695511106,1,5,1
83,5.11667332713489,0.28590038815258,2,5,0
104,8.619343137898424,0.7166964565970464,0,5,1
144,5.26948840322815,0.6680532915751891,0,8,1
140,7.161754724974178,0.9072906752182377,0,3,1
111,7.293547169337137,0.4168241118201613,2,6,1
141,7.87630835394022,0.4625863091653266,0,0,1
32,7.948099254934857,0.5912929607508893,0,7,1
78,6.316227490812641,0.8316913377694723,1,7,0
105,6.794374424946241,0.9636572546016331,0,6,1
134,7.1699545285742845,0.38333270590534474,1,9,1
50,7.13568683420378,0.7545629657953589,4,1,1
19,5.98844816098493,0.4663596967812933,1,4,0
128,8.544954716618166,0.753765345169558,1,0,1
42,7.722065647126762,0.8465402952010392,0,4,1
81,8.037290623202493,0.8251626571492239,5,5,1
59,8.607682053878325,0.5920582855185794,3,6,0
37,8.856423888466592,0.702278392823038,1,3,1
9,8.961140612406272,0.8239066455797623,2,0,1
41,5.250641946306682,0.6082259464354921,8,4,1
4,8.017311387493226,0.9033390405051009,2,9,0
43,7.344464217967284,0.8988404477375398,3,1,1
174,7.997609644129945,0.5825461004648581,1,7,1
44,9.313687396261374,0.74048404413031,3,4,1
108,6.296496571269066,0.6541274631021703,0,2,1
111,6.1770067830319135,0.5654780280249723,0,6,1
25,7.526774660322191,0.8233653751715095,2,2,1
46,7.863474197917522,0.5528828641922735,3,0,0
51,8.500564048277285,0.5397813399253344,3,10,0
172,7.63730314976641,0.670958647505036,4,11,1
32,8.193313563683866,0.8532861721631035,1,0,1
88,6.9199322332206,0.6824625944159661,1,8,1
45,7.629241796333012,0.732542903872573,0,5,1
159,7.499328577940456,0.47625490662832354,0,2,1
66,5.644335958821938,0.272266080516797,0,3,1
128,5.826122305452435,0.6769825935303099,0,0,1
0,7.303242364968231,0.7693789501467709,1,4,0
97,5.201233184742028,0.766864604203081,1,0,1
103,6.305413934095808,0.7726710774474419,4,0,1
153,7.138655406892128,0.7149981366757673,0,6,1
99,7.802570209021928,0.7127695505881053,3,6,1
43,7.196748392130867,0.8177720256157002,1,0,1
78,7.6006503152558045,0.9076039427052647,0,8,1
82,9.208619094691095,0.590901671267684,2,7,1
120,9.234785167898487,0.4275666504203919,1,0,1
24,7.031981802400981,0.5499979046432263,1,1,1
100,6.568951970017427,0.5135965928473983,2,4,1
50,9.590348472281029,0.98,0,0,1
155,7.287609092315559,0.98,2,6,1
14,8.270994078090231,0.4970538543619666,5,1,0
80,6.487882813205758,0.21235725957608992,2,1,1
106,6.150835082680844,0.5674608633033368,2,9,1
160,5.221552624676578,0.705260652252589,2,9,1
110,6.911352678950685,0.6031046785166827,0,6,1
75,5.63305093691392,0.713288754024806,2,4,1
29,9.460369094773613,0.45013807526642924,3,0,1
174,5.4243704058949,0.6111899309091088,4,0,1
142,8.89725842064625,0.7277169814130513,0,2,1
63,6.679515353940293,0.6076803532865334,1,0,1
129,6.54262661552659,0.6314143465170345,2,12,1
2,6.68872088739701,0.6522594901598513,0,3,0
6,7.000106837156366,0.7775720392980678,0,8,0
25,6.551665069583832,0.7168866349061546,5,6,1
130,6.847813005216454,0.8697343596191955,0,7,1
151,5.816445814513078,0.9695682729385965,3,5,1
3,7.19766072396404,0.7219776232520432,3,0,0
27,6.611606806007635,0.5583458305798827,3,11,1
109,6.720309809057169,0.7126055627910645,0,7,1
136,7.088556176616913,0.8022490982869833,2,8,1
146,8.914136630556872,0.6581530935785148,2,4,1
67,5.3632642340050545,0.9427404263988217,5,7,1
116,6.210902798469275,0.98,1,0,1
97,8.246017605099194,0.8662735419022606,2,0,1
133,6.8376759321205,0.6174494986268693,0,0,1
93,7.337828326111512,0.47344554973333663,3,11,1
45,7.646826691174049,0.7449691726800663,5,12,1
127,6.241461648472365,0.6987465482385826,3,4,1
158,6.4529110957904114,0.49836008811247323,3,5,1
62,8.865483342317486,0.6203907444668744,2,3,1
11,8.335849720706618,0.6547821700443587,0,11,0
142,6.357269301689086,0.9039266125739581,5,0,1
167,10.0,0.5163857988259057,5,4,1
42,5.729331768261654,0.7061912513932753,4,4,1
90,6.994547971847859,0.6891178929465888,4,5,1
79,8.348949381944937,0.8836123594765792,6,4,1
31,7.515857887793779,0.4564524617370449,2,16,1
17,6.379509776092775,0.47706605963164084,6,8,1
124,6.627052620433361,0.9276467360319471,3,0,1
178,8.304033776121756,0.7337725089160856,3,2,1
39,8.717937582729508,0.5333955394910388,1,8,1
144,6.922022822811425,0.36674514273763303,1,4,1
7,9.207270666633764,0.9222470203995925,4,3,1
122,7.986325357894801,0.7621554320328531,2,7,1
166,6.961584333803922,0.4999072353489188,0,1,1
24,6.395205869963739,0.693791383754971,0,5,1
107,7.063846518938677,0.7206104593242382,0,3,1
74,5.156111385172295,0.5747508444697454,0,2,1
81,6.660874178226759,0.98,3,2,1
168,6.362975671027309,0.5136301490801092,0,4,1
110,5.909579870667577,0.8433422318421391,1,5,1
138,6.489221800084169,0.98,4,3,1
146,8.398259658490433,0.37411859776751943,2,0,1
31,8.310468430151568,0.5479221848594977,3,7,1
6,7.0646331607790005,0.7634276154970974,5,3,1
74,6.64345891156229,0.6006741926913707,2,6,0
50,7.5180690233609235,0.10536951766113478,1,0,1
11,6.941653017696071,0.5428329628763156,1,4,0
161,8.322138956232871,0.5727408585910334,0,0,1
123,7.911929698457017,0.7875285751684545,4,5,1
61,6.638174078947248,0.4617755298398798,0,11,1
126,6.611210754962594,0.870366236986277,0,0,1
50,7.545295967102273,0.6130809190640012,3,0,1
84,6.636978863422925,0.5844504133398067,1,1,1
177,7.1736964566008945,0.5959776823766763,0,4,1
55,7.819321014769471,0.4280508127803566,2,0,1
179,7.637941840964048,0.8534071903321047,3,5,1
93,8.46839778442237,0.558878720976753,3,4,1
161,7.53342266601763,0.7990016507647664,0,0,1
64,7.808400325346483,0.8114289633018708,1,1,1
29,9.032593753146461,0.7928855281714453,3,9,1
69,5.825542756696507,0.6184983144131098,0,8,1
24,5.044860636502973,0.98,0,0,1
77,6.707404899374114,0.5073270617638711,0,8,1
34,7.476181752377349,0.17442155746000376,0,5,1
123,8.137107480897448,0.7321146747345755,3,1,1
60,6.844206422984568,0.19497267585324046,0,2,1
145,7.260129756031372,0.9684961230826286,2,6,1
37,7.098621222481308,0.5315079096873012,3,0,1
162,5.028418527776294,0.4736380390403835,4,3,1
47,6.965134436529459,0.4030126313384037,2,5,0
84,7.644632975177958,0.6119412328499423,1,11,1
26,5.614383203794084,0.7678605954388547,3,1,0
28,7.631462377542788,0.45602693172207587,2,0,1
57,6.906423397726687,0.5598056954706443,0,1,0
90,6.56779016265889,0.2535994191667403,1,7,1
13,5.972005534046093,0.7406134500469619,4,5,0
139,6.034466252401627,0.8256217725023969,1,4,1
38,5.9496323434723335,0.6906079371004712,2,5,0
114,5.764493316391559,0.8441160547560659,2,2,1
160,5.010337939797765,0.458942618109902,4,4,1
170,5.950600056989462,0.4439229093859077,4,0,1
81,8.894035682684196,0.7496944753430574,0,10,1
34,5.942661300159471,0.7755667493398857,1,6,1
55,6.505471992767674,0.8569466809342079,2,8,1
107,7.952870157432546,0.7349438008084185,0,0,1
14,8.058953380078968,0.7771614782203404,1,0,0
8,6.046891186480876,0.4704351661442312,4,3,0
17,7.695392905522644,0.4845277564921533,0,8,0
101,5.66075354176029,0.42689277414145466,0,0,1
21,9.031492054153254,0.6019682110223108,2,6,1
107,7.147106278719092,0.98,4,0,1
55,7.5355009168718246,0.40246626492051146,0,5,1
166,7.448582270516615,0.6810492978258198,1,7,1
85,6.859688749865611,0.9364530461100027,2,4,1
87,7.453558690628226,0.6430240981959822,6,7,1
40,7.369439001677176,0.8856967343501922,1,4,1
114,7.691094001495812,0.7252335696529094,5,3,1
58,6.046954742080379,0.8452972163151127,4,9,1
88,7.456082674095048,0.5491745038661824,5,6,1
137,7.116867130204212,0.4530614522870025,0,9,1
19,8.459938550558334,0.7502449074975319,3,6,1
179,7.878350475174532,0.9125510325134631,2,2,1
158,8.377262848126213,0.5688287731957821,2,1,1
84,6.711112550615559,0.4376184743427047,1,6,1
108,7.910555477797791,0.6424653432682921,3,0,1
164,7.244311609460773,0.751963794461518,1,4,1
129,5.0209337940895225,0.9654875196349906,4,6,1
160,8.667214144966065,0.98,4,8,1
150,5.678551195483685,0.4320946702748264,0,7,1
30,6.981515275539179,0.4473710225843196,1,1,0
145,7.693210754640391,0.7689747915140284,0,2,1
149,7.511965381354079,0.6689939481205192,4,5,1
64,7.097643932744483,0.6334948671890918,0,8,1
61,6.639129241379496,0.6094845795162411,0,0,1
0,7.212373316902575,0.8593141345969412,4,3,0
109,7.17567060287747,0.7263831996592437,6,0,1
171,7.032311082097649,0.4311854966722373,0,2,1
131,6.5062877336484775,0.537118780820292,0,5,0
69,6.913365356083952,0.46403649497754373,1,2,1
115,6.497228196019732,0.667688070819888,1,8,1
136,9.172853995502052,0.9033497073106991,2,3,1
153,5.983182262782622,0.818586883793979,2,3,1
73,6.302020787161322,0.5486424128337443,3,11,1
19,7.774254607724292,0.8525096281437707,6,1,1
142,7.264424599368353,0.6052399594206751,1,10,1
45,7.6290739428765395,0.36577760643735613,0,1,0
122,5.250823171618327,0.98,2,5,1
46,9.295221585944237,0.3049901107388068,3,0,0
87,7.042530075647593,0.18775475348490822,1,3,0
31,6.2866499502432225,0.6072528363563293,1,3,0
8,8.305592520366126,0.9589569466658747,2,10,1
164,7.420409241341762,0.32214494659379167,3,0,1
106,6.991463498435947,0.6749182134829756,2,0,1
35,7.529290816205394,0.4346408694895406,2,8,0
57,5.813575923923418,0.5318456747130413,0,3,1
9,6.891272460806587,0.6103102866263558,4,1,1
36,7.635021989736364,0.6256800566605139,2,9,1
64,7.777401607714681,0.690616446628014,1,5,1
171,5.961762706200809,0.5446261600724858,0,2,0
116,7.932042680451733,0.8798234941450056,2,2,1
38,6.216786416095287,0.5966415187853544,2,4,1
58,7.798261292901914,0.6506148591215323,7,2,1
36,6.91884335286878,0.4723540589448828,5,0,1
70,6.772796484906373,0.39369219165018954,5,2,1
51,7.401528750076865,0.8014549487841859,3,0,1
54,6.6051655638360005,0.63036650918446,0,4,1
96,7.955407430786017,0.8433266758377705,0,9,1
128,5.6695008803168765,0.3901130871985242,3,1,1
36,7.2803516214931765,0.5265115657113039,2,7,1
156,7.246176050690102,0.34524218174862925,3,4,1
129,8.238871469812828,0.5973264744297103,2,2,1
139,8.977061930729882,0.98,4,10,0
5,7.049477158310653,0.6143226647420602,0,8,1
4,8.302627922543765,0.6907015289262086,0,4,1
45,8.328764390924697,0.8612634891342072,0,2,1
99,8.324424005141791,0.5052750461969436,4,4,1
25,7.689657672539191,0.5893136771803023,0,3,1
2,6.912357772246609,0.2779201595703085,1,4,0
114,6.059122675026603,0.6519469734960562,2,0,1
136,6.800548103702715,0.98,2,2,1
167,6.17650363837666,0.5477693335404045,1,0,1
155,8.04800237525475,0.685456364983744,5,7,1
85,7.075690808205943,0.6479364041011753,5,4,1
2,6.020488226731566,0.7460248722705065,3,3,0
19,6.444681538399921,0.98,2,1,1
137,6.579960736571467,0.5075566279264245,3,6,1
157,7.2784444908168435,0.7105513278131972,3,8,1
136,6.826849956275159,0.7856805473722994,0,0,1
156,7.120551124999474,0.5780818796749373,1,5,1
18,6.63849859249453,0.6238323923790512,0,7,0
78,6.845310068719001,0.8007458263230464,0,0,1
95,5.511092867082976,0.40020435889395334,2,0,0
15,8.37977392463843,0.6551247423996969,3,3,1
128,6.849148648337531,0.7156512447126868,0,3,1
25,7.892201922915488,0.8420281274337533,3,7,1
67,7.647497277084014,0.4306125626309214,1,7,1
7,4.499731414472752,0.9360737650168102,2,8,0
84,6.323797265026181,0.7529816272846346,3,5,1
51,7.594372050048919,0.8280734591780241,2,0,1
115,8.975206392385342,0.11460807870361422,2,7,1
80,7.662627382521583,0.4432754046124984,4,3,1
28,5.14584291386603,0.550062182539715,1,12,0
38,7.546660416885734,0.7911352183850487,7,9,0
9,8.94883291761683,0.5836585609412783,1,2,1
80,7.876787926974542,0.5801440996818167,0,0,1
2,6.334824746544198,0.5658578371114273,3,9,1
65,6.068662851763301,0.6471862193786051,2,0,1
33,7.666101099515269,0.43636043456107176,2,9,1
115,7.541263218452352,0.5630336165069996,3,0,1
120,7.867123235932018,0.701839955985286,3,4,1
168,7.09946867370354,0.9637865074765444,2,4,1
170,6.477572843535036,0.6875621343857777,1,3,1
161,6.745702168106901,0.2884918813599232,3,4,1
117,5.3218897591409835,0.8381733707584043,2,0,1
159,6.114729086252538,0.6271011576452229,1,0,1
74,6.121677980946084,0.44688373714184043,4,0,0
90,5.675728562828921,0.5383425021461012,2,4,1
124,8.066145317164507,0.35072685974916695,2,0,1
61,5.53983624851788,0.8883709745725978,4,0,1
51,6.658151400355036,0.9201034359838923,3,5,0
64,8.566293440092082,0.7259849460232836,0,7,1
85,7.660495827629551,0.5722707224556197,2,0,1
112,4.84599626475598,0.5994409773605998,5,3,1
87,5.880873543684691,0.3213463221500326,1,0,1
62,6.457353528330808,0.641330267187733,1,0,1
8,7.154159434948929,0.5402323211170481,2,0,1
89,6.097481977201639,0.5761577897228636,4,8,1
18,6.408892051253706,0.7957181927990225,2,4,1
102,6.997906411095758,0.49593575968545567,2,8,1
100,6.249585048674174,0.512180534580085,3,0,1
59,6.914268707206799,0.5512206276992833,3,11,1
77,7.029328770001019,0.6543303865513724,2,0,1
57,8.217007914697959,0.6678217320864217,2,9,0
54,5.943774461036539,0.6880758570947936,1,0,1
7,7.4025696426331535,0.66025842529925,5,0,1
122,4.172843174234586,0.5851045824627367,6,1,1
53,7.14454674209355,0.34106637682259994,1,7,0
135,7.1597890956196615,0.98,1,10,1
140,7.221582649157033,0.5791363788937754,2,8,1
172,6.195734688071266,0.5018897976457312,2,3,1
36,6.5645953592398145,0.9066940619982828,2,6,1
152,7.440643505862987,0.98,3,7,1
72,7.6567786709455605,0.7873908583656104,0,4,1
138,8.555157254834288,0.5180336753485064,0,7,1
103,7.190466700674985,0.7350895329263797,1,0,1
119,5.47311657049835,0.7052695232682176,1,4,1
8,6.587319291064906,0.6831144679940895,2,0,1
34,7.676858638292285,0.4183681528194928,1,0,0
106,7.641176953926378,0.5367125841900954,0,7,1
58,8.018451608728352,0.6083157297911499,2,1,1
178,7.71988052077948,0.8632170641925884,3,11,0
55,7.857553467507465,0.5110699605235884,1,0,0
2,6.52653820734046,0.6661928740786777,4,6,1
53,7.1341056369297515,0.6323912422335024,2,4,1
83,6.15531305868936,0.46462016428848285,2,0,1
129,8.738346261476709,0.6430512627421593,2,0,1
118,7.216060565682849,0.6806218910884329,0,5,1
27,5.958886957075471,0.6180355874356889,4,0,1
167,6.322802469945324,0.5479369480853191,5,0,0
116,7.8226263117673875,0.4104025365729473,0,0,1
30,5.95269104986364,0.5039331523435964,2,11,0
37,5.640231645827387,0.7643980228236018,2,0,0
16,10.0,0.7491555930246026,2,1,1
143,7.815225014039584,0.566101820595655,4,4,1
52,6.81122294718194,0.47812076996465236,2,7,1
108,5.700716941571196,0.7904105005034645,3,0,1
70,5.714859713650079,0.6374905481384312,6,1,1
132,6.292576119681348,0.6790040033212775,1,2,1
158,7.0689109297356225,0.8462913969480373,3,3,1
34,5.235387431275455,0.6019257997823013,2,10,0
96,6.752137495354513,0.7961176004289949,2,6,1
170,5.083290372753207,0.9387527816262982,0,7,1
127,6.710677712835822,0.6960088253092688,3,8,1
49,9.056409087001965,0.6667350577080461,4,5,1
157,6.961362242316871,0.7243141732395602,4,3,1
48,6.642890283735605,0.5018095602501864,0,2,1
78,7.635691388871787,0.98,4,8,1
143,6.842187583882764,0.6688397657991041,3,1,1
36,7.080892323418309,0.4348717074598293,1,0,1
101,6.675147494754668,0.6935080200289768,3,5,1
177,8.894454125567199,0.6010533649570344,3,7,1
139,8.442608597717076,0.8984692521310143,3,13,1
7,8.608464799632062,0.592393204182492,4,9,1
58,4.430496774122575,0.6179000641671518,0,3,1
2,7.666885961919286,0.793807595670663,1,4,1
130,5.7624047750966225,0.6810134093193783,2,1,0
121,8.063381143579928,0.6362325612295634,5,1,1
27,7.705553135695732,0.5093141811994647,6,0,1
102,8.601429883710349,0.8043790691298925,1,6,1
10,9.542114213432773,0.7194264474743415,1,0,1
46,6.684487307373266,0.4566055431597645,3,3,1
121,7.426128967979016,0.663179817884059,1,4,1
147,7.695205924505066,0.7529848867813715,2,6,1
96,6.6984940440475835,0.9195619044956844,2,2,1
158,9.681679884743193,0.5579690377482658,0,3,1
105,10.0,0.707352782204945,3,2,1
22,5.628562632651558,0.6054844689906402,5,2,1
14,8.55551009552417,0.3647498567216742,3,3,0
76,6.876991946904779,0.46956161516232575,0,1,1
68,6.603911724366618,0.3105564761929573,1,8,1
54,7.2923832700169955,0.5009131287930517,5,12,1
136,6.1837811541575896,0.4248057367875885,1,3,1
134,5.921849368507075,0.8552039801677904,4,2,1
79,9.065492604999452,0.7739854192189047,2,11,1
117,6.301543981465508,0.5987714082526757,0,0,0
0,5.126317332504924,0.98,1,10,0
6,8.68223875315987,0.4869108199519381,1,0,1
109,6.5783403290614855,0.3225995488296465,1,6,1
48,6.26793835696286,0.9036106591847528,0,6,1
54,6.121172462782459,0.5866800741113749,2,1,1
169,7.333828035234846,0.3057963220066093,4,3,0
43,6.39367913954612,0.7799425010968115,1,4,1
80,7.089987558295394,0.98,1,0,1
64,6.908016496183834,0.6786303496497366,1,2,0
38,7.522006453364082,0.711098909357147,1,0,0
68,8.773808133307972,0.8912328620404186,1,4,1
179,8.591421956115495,0.8013341660463146,0,2,1
9,7.095503493799276,0.7223325404716662,3,5,0
179,5.126396087797273,0.6293452264957589,4,0,1
35,4.795919477414385,0.6012954019754806,5,6,1
21,7.829568316111311,0.5257852820118607,2,1,1
53,6.731754110134626,0.4383910985040781,3,4,0
64,7.194114875483092,0.7876211009652534,3,8,1
139,7.147509541368785,0.7413740164112045,3,8,1
14,6.9402950228862,0.5131817406057355,0,0,0
51,6.212199700444267,0.98,3,3,1
168,8.869164092820085,0.6993629574855642,0,0,1
63,8.958064523330512,0.6852607102941655,1,10,0
143,5.964639271388321,0.5355354401495647,1,9,1
50,6.6781376955486556,0.5420286065012068,2,1,1
60,6.772494324863083,0.6166181926869851,1,2,1
75,8.889135830801516,0.6743953033765395,3,6,1
